📅 Scheduler started - Running every 1 minute
Press Ctrl+C to stop


================================================================================
⏰ Scheduled run at 2025-10-11 22:10:20
================================================================================

🚀 Starting parallel scraper...

📋 Found 11 active stocks to scrape


📊 Scraping 544172 - Indegene Ltd...

📊 Scraping 500209 - Infosys Ltd...

📊 Scraping 544412 - 3B Films Ltd...

📊 Scraping 500002 - ABB India Ltd...

📊 Scraping 542772 - 360 ONE WAM LTD...
  Found 17 announcements
  Found 50 announcements
  ✓ Saved: Compliances-Certificate under Reg. 74 (5) of SEBI ...
  Found 50 announcements
  ✓ Saved: Intimation Under Regulation 30 Of The SEBI (Listin...
    → Sent to n8n for processing
  ✓ Saved: Shareholder Meeting / Postal Ballot-Scrutinizer''s...
    → Sent to n8n for processing
    → Sent to n8n for processing
  ✓ Saved: Compliances-Certificate under Reg. 74 (5) of SEBI ...
  ✓ Saved: Closure of Trading Window...
    → Sent to n8n for processing
    → Sent to n8n for processing
  ✓ Saved: Corporate Action-Board to consider Dividend...
    → Sent to n8n for processing
  ✓ Saved: Shareholder Meeting / Postal Ballot-Outcome of AGM...
    → Sent to n8n for processing
  ✓ Saved: Announcement under Regulation 30 (LODR)-Analyst / ...
    → Sent to n8n for processing
  ✓ Saved: Announcement under Regulation 30 (LODR)-Newspaper ...
    → Sent to n8n for processing
  ✓ Saved: Board Meeting Intimation for A) Standalone And Con...
    → Sent to n8n for processing
  ✓ Saved: Intimation Under Regulation 36 Of The SEBI (LODR) ...
    → Sent to n8n for processing
  ✓ Saved: Announcement under Regulation 30 (LODR)-Memorandum...
    → Sent to n8n for processing
  ✓ Saved: Notice Of 11Th Annual General Meeting...
  ✓ Saved: Closure of Trading Window...
    → Sent to n8n for processing
    → Sent to n8n for processing
  ✓ Saved: Reg. 34 (1) Annual Report....
    → Sent to n8n for processing
  ✓ Saved: Intimation Under Regulation 30 Of The SEBI (Listin...
    → Sent to n8n for processing
  ✓ Saved: Intimation For Appointment Of Secretarial Auditor ...
    → Sent to n8n for processing
  ✓ Saved: Intimation Under Regulation 30 Of The SEBI (Listin...
  ✓ Saved: Announcement under Regulation 30 (LODR)-Change in ...
    → Sent to n8n for processing
    → Sent to n8n for processing
  ✓ Saved: Announcement under Regulation 30 (LODR)-Allotment ...
    → Sent to n8n for processing
  ✓ Saved: Board Meeting Outcome for Board Meeting Outcome Fo...
    → Sent to n8n for processing
  ✓ Saved: Announcement under Regulation 30 (LODR)-Analyst / ...
    → Sent to n8n for processing
  ✓ Saved: Results - Financial Results For Half Year And Year...
    → Sent to n8n for processing
  ✓ Saved: Shareholder Meeting / Postal Ballot-Scrutinizer''s...
    → Sent to n8n for processing
  ✓ Saved: Board Meeting Intimation for Prior Intimation Of B...
  ✓ Saved: Shareholder Meeting / Postal Ballot-Outcome of AGM...
    → Sent to n8n for processing
    → Sent to n8n for processing
  💾 Saved 0 new announcements
  ✓ Saved: Closure of Trading Window...
  ✓ Saved: Disclosure Under Regulation 30 Of The SEBI (Listin...
    → Sent to n8n for processing

📊 Scraping 544190 - 3C IT Solutions and Telecoms (India) Ltd...
    → Sent to n8n for processing
  ✓ Saved: Board Meeting Outcome for Intimation For Outcome O...
    → Sent to n8n for processing
  ✓ Saved: Announcement under Regulation 30 (LODR)-Analyst / ...
    → Sent to n8n for processing
  ✓ Saved: Announcement under Regulation 30 (LODR)-Resignatio...
    → Sent to n8n for processing
  ✓ Saved: Compliances-Certificate under Reg. 74 (5) of SEBI ...
    → Sent to n8n for processing
  💾 Saved 17 new announcements

📊 Scraping 500180 - HDFC Bank Ltd...
  ✓ Saved: Announcement under Regulation 30 (LODR)-Allotment ...
    → Sent to n8n for processing
  ✓ Saved: Announcement under Regulation 30 (LODR)-Updates on...
    → Sent to n8n for processing
  ✓ Saved: Announcement under Regulation 30 (LODR)-Newspaper ...
    → Sent to n8n for processing
  ✓ Saved: Business Responsibility and Sustainability Reporti...
    → Sent to n8n for processing
  ✓ Saved: Reg. 34 (1) Annual Report....
    → Sent to n8n for processing
  ✓ Saved: Notice Of The 18Th Annual General Meeting And Annu...
    → Sent to n8n for processing
  ✓ Saved: Announcement under Regulation 30 (LODR)-Newspaper ...
    → Sent to n8n for processing
  ✓ Saved: Grant Of Approval To Wholly Owned Subsidiary, 360 ...
    → Sent to n8n for processing
  ✓ Saved: Update With Respect To Our Intimation To Stock Exc...
    → Sent to n8n for processing
  ✓ Saved: Announcement under Regulation 30 (LODR)-Analyst / ...
    → Sent to n8n for processing
  ✓ Saved: Disclosures under Reg. 29(2) of SEBI (SAST) Regula...
    → Sent to n8n for processing
  ✓ Saved: Announcement under Regulation 30 (LODR)-Allotment ...
    → Sent to n8n for processing
  ✓ Saved: Announcement under Regulation 30 (LODR)-Earnings C...
    → Sent to n8n for processing
  ✓ Saved: Intimation Under Regulation 30 Of The SEBI (Listin...
    → Sent to n8n for processing
  ✓ Saved: Announcement under Regulation 30 (LODR)-Allotment...
    → Sent to n8n for processing
  ✓ Saved: Announcement under Regulation 30 (LODR)-Analyst / ...
    → Sent to n8n for processing
  ✓ Saved: Announcement under Regulation 30 (LODR)-Monitoring...
    → Sent to n8n for processing
  ✓ Saved: Amendment To The Code Of Practices And Procedures ...
    → Sent to n8n for processing
  ✓ Saved: Announcement under Regulation 30 (LODR)-Change in ...
    → Sent to n8n for processing
  ✓ Saved: Announcement under Regulation 30 (LODR)-Change in ...
    → Sent to n8n for processing
  ✓ Saved: Unaudited Financial Results For The Quarter Ended ...
    → Sent to n8n for processing
  ✓ Saved: Announcement under Regulation 30 (LODR)-Investor P...
    → Sent to n8n for processing
  ✓ Saved: Board Meeting Outcome for Outcome Of The Meeting O...
  Found 36 announcements
    → Sent to n8n for processing
  ✓ Saved: Intimation Under Regulation 30 Of The SEBI (Listin...
    → Sent to n8n for processing
  ✓ Saved: Revised Disclosures under Reg. 31(1) and 31(2) of ...
    → Sent to n8n for processing
  💾 Saved 40 new announcements

📊 Scraping 500325 - Reliance Industries Ltd...
  💾 Saved 0 new announcements

📊 Scraping 523395 - 3M India Ltd...
  Found 19 announcements
  💾 Saved 0 new announcements

📊 Scraping 532067 - 3B BlackBio Dx Ltd...
  Found 46 announcements
  Found 37 announcements
  ✓ Saved: Update On Tax Litigations...
    → Sent to n8n for processing
  ✓ Saved: Update On Tax Litigations...
    → Sent to n8n for processing
  💾 Saved 0 new announcements

📊 Scraping 533022 - 20 Microns Ltd...
  ✓ Saved: Compliances-Certificate under Reg. 74 (5) of SEBI ...
    → Sent to n8n for processing
  ✓ Saved: Re-Lodgement Of Transfer Requests Of Physical Shar...
    → Sent to n8n for processing
  ✓ Saved: Announcement under Regulation 30 (LODR)-Newspaper ...
    → Sent to n8n for processing
  ✓ Saved: Closure of Trading Window...
    → Sent to n8n for processing
  ✓ Saved: Announcement under Regulation 30 (LODR)-Analyst / ...
    → Sent to n8n for processing
  ✓ Saved: Letter To Physical Shareholders...
    → Sent to n8n for processing
  Found 11 announcements
  ✓ Saved: Submission Of Additional Details For Corporate Ann...
  ✓ Saved: Shareholder Meeting / Postal Ballot-Scrutinizer''s...
    → Sent to n8n for processing
    → Sent to n8n for processing
  ✓ Saved: Clarification For The Non-Submission Of XBRL Filin...
  ✓ Saved: Update On Tax Litigations...
    → Sent to n8n for processing
    → Sent to n8n for processing
  ✓ Saved: Closure of Trading Window...
  ✓ Saved: Announcement under Regulation 30 (LODR)-Newspaper ...
    → Sent to n8n for processing
    → Sent to n8n for processing
  ✓ Saved: Intimation Under Regulation 30 Of The SEBI (Listin...
  ✓ Saved: Update On Tax Litigations...
    → Sent to n8n for processing
    → Sent to n8n for processing
  ✓ Saved: Reg. 34 (1) Annual Report....
  ✓ Saved: Update On Tax Litigations...
    → Sent to n8n for processing
    → Sent to n8n for processing
  ✓ Saved: We Are Pleased To Inform You That Company Has Rece...
    → Sent to n8n for processing
  ✓ Saved: Shareholder Meeting / Postal Ballot-Scrutinizer''s...
    → Sent to n8n for processing
  ✓ Saved: Intimation Letter Pursuant To Reg.36(1)(B) Of LODR...
    → Sent to n8n for processing
  Found 50 announcements
  ✓ Saved: Shareholder Meeting / Postal Ballot-Outcome of AGM...
    → Sent to n8n for processing
  ✓ Saved: Announcement under Regulation 30 (LODR)-Newspaper ...
    → Sent to n8n for processing
  ✓ Saved: Announcement under Regulation 30 (LODR)-Change in ...
    → Sent to n8n for processing
  ✓ Saved: NOTICE OF 10TH ANNUAL GENERAL MEETING (AGM) OF THE...
    → Sent to n8n for processing
  ✓ Saved: Board Meeting Outcome for Outcome Of Board Meeting...
    → Sent to n8n for processing
  ✓ Saved: Board Meeting Outcome for Outcome Of Board Meeting...
    → Sent to n8n for processing
  ✓ Saved: Update On Tax Litigations...
    → Sent to n8n for processing
  ✓ Saved: Compliances-Certificate under Reg. 74 (5) of SEBI ...
    → Sent to n8n for processing
  💾 Saved 11 new announcements
  ✓ Saved: Update On Tax Litigations...
    → Sent to n8n for processing
  ✓ Saved: Announcement under Regulation 30 (LODR)-Newspaper ...
    → Sent to n8n for processing
  ✓ Saved: Financial Result Q1 25-26...
    → Sent to n8n for processing
  ✓ Saved: Board Meeting Outcome for Outcome Of Board Meeting...
    → Sent to n8n for processing
  ✓ Saved: Announcement under Regulation 30 (LODR)-Newspaper ...
    → Sent to n8n for processing
  ✓ Saved: Business Responsibility and Sustainability Reporti...
    → Sent to n8n for processing
  ✓ Saved: Notice Of 38 AGM To Be Held On Tuesday, August 26,...
    → Sent to n8n for processing
  ✓ Saved: Reg. 34 (1) Annual Report....
    → Sent to n8n for processing
  ✓ Saved: Annual Report For FY 24-25 Along With Notice Of 38...
    → Sent to n8n for processing
  ✓ Saved: Announcement Under Reg 30 (LODR)- Update On Tax Li...
    → Sent to n8n for processing
  ✓ Saved: Board Meeting Intimation for To Consider And Appro...
    → Sent to n8n for processing
  ✓ Saved: Announcement Under Reg 30 (LODR)_Update On Tax Lit...
    → Sent to n8n for processing
  ✓ Saved: Announcement Under Reg 30 (LODR)_Update On Tax Lit...
  💾 Saved 0 new announcements
    → Sent to n8n for processing
  ✓ Saved: Communication To Shareholders - Intimation On Tax ...
    → Sent to n8n for processing
  ✓ Saved: Announcement Under Reg 30 (LODR) - Update On Tax L...
    → Sent to n8n for processing
  ✓ Saved: Compliances-Certificate under Reg. 74 (5) of SEBI ...
    → Sent to n8n for processing
  ✓ Saved: Announcement Under Reg 30 (LODR) - Update On Tax L...
    → Sent to n8n for processing
  💾 Saved 35 new announcements
  Found 31 announcements
  ✓ Saved: Compliances-Certificate under Reg. 74 (5) of SEBI ...
    → Sent to n8n for processing
  ✓ Saved: Announcement under Regulation 30 (LODR)-Newspaper ...
    → Sent to n8n for processing
  ✓ Saved: Appointment Of Secretarial Auditor....
    → Sent to n8n for processing
  ✓ Saved: Announcement under Regulation 30 (LODR)-Change in ...
    → Sent to n8n for processing
  ✓ Saved: Shareholder Meeting / Postal Ballot-Scrutinizer''s...
    → Sent to n8n for processing
  ✓ Saved: Closure of Trading Window...
    → Sent to n8n for processing
  ✓ Saved: Shareholder Meeting / Postal Ballot-Outcome of AGM...
    → Sent to n8n for processing
  ✓ Saved: Announcement under Regulation 30 (LODR)-Newspaper ...
    → Sent to n8n for processing
  ✓ Saved: Announcement under Regulation 30 (LODR)-Newspaper ...
    → Sent to n8n for processing
  ✓ Saved: Announcement under Regulation 30 (LODR)-Newspaper ...
    → Sent to n8n for processing
  ✓ Saved: Letters To Shareholders...
    → Sent to n8n for processing
  ✓ Saved: 53Rd Annual General Meeting On Friday, 26Th Septem...
    → Sent to n8n for processing
  ✓ Saved: Announcement under Regulation 30 (LODR)-Dividend U...
    → Sent to n8n for processing
  ✓ Saved: Record Date And Date Of Book Closure For The Purpo...
    → Sent to n8n for processing
  ✓ Saved: Reg. 34 (1) Annual Report....
    → Sent to n8n for processing
  ✓ Saved: Notice Of 53Rd Annual General Meeting...
    → Sent to n8n for processing
  ✓ Saved: Announcement under Regulation 30 (LODR)-Newspaper ...
    → Sent to n8n for processing
  ✓ Saved: Announcement under Regulation 30 (LODR)-Newspaper ...
    → Sent to n8n for processing
  ✓ Saved: Disclosure Under Regulation 30 Of SEBI (LODR)Regul...
    → Sent to n8n for processing
  ✓ Saved: Announcement under Regulation 30 (LODR)-Newspaper ...
    → Sent to n8n for processing
  ✓ Saved: Announcement under Regulation 30 (LODR)-Analyst / ...
    → Sent to n8n for processing
  ✓ Saved: Announcement under Regulation 30 (LODR)-Analyst / ...
    → Sent to n8n for processing
  ✓ Saved: Announcement under Regulation 30 (LODR)-Newspaper ...
    → Sent to n8n for processing
  ✓ Saved: Announcement under Regulation 30 (LODR)-Investor P...
    → Sent to n8n for processing
  ✓ Saved: Unaudited Standalone And Consolidated Financial Re...
    → Sent to n8n for processing
  ✓ Saved: Board Meeting Outcome for Outcome Of Board Meeting...
    → Sent to n8n for processing
  ✓ Saved: Announcement under Regulation 30 (LODR)-Analyst / ...
    → Sent to n8n for processing
  ✓ Saved: Board Meeting Intimation for Consideration And App...
    → Sent to n8n for processing
  ✓ Saved: Disclosure Under Regulation 30 Of SEBI (LODR) Regu...
    → Sent to n8n for processing
  ✓ Saved: Announcement under Regulation 30 (LODR)-Newspaper ...
    → Sent to n8n for processing
  ✓ Saved: Announcement under Regulation 30 (LODR)-Demise...
    → Sent to n8n for processing
  💾 Saved 31 new announcements
  Found 14 announcements
  ✓ Saved: Compliances-Certificate under Reg. 74 (5) of SEBI ...
    → Sent to n8n for processing
  ✓ Saved: Announcement under Regulation 30 (LODR)-Cessation...
    → Sent to n8n for processing
  ✓ Saved: Closure of Trading Window...
    → Sent to n8n for processing
  ✓ Saved: Intimation Regarding 100-Days Campaign - 'Saksham ...
    → Sent to n8n for processing
  ✓ Saved: Shareholder Meeting / Postal Ballot-Scrutinizer''s...
    → Sent to n8n for processing
  ✓ Saved: Shareholder Meeting / Postal Ballot-Outcome of AGM...
    → Sent to n8n for processing
  ✓ Saved: Earning Presentation For Quarter Ended June 30, 20...
    → Sent to n8n for processing
  ✓ Saved: Announcement under Regulation 30 (LODR)-Newspaper ...
    → Sent to n8n for processing
  ✓ Saved: Board Meeting Held On July 28, 2025, For Approval ...
    → Sent to n8n for processing
  ✓ Saved: Board Meeting Outcome for Outcome Of Board Meeting...
    → Sent to n8n for processing
  ✓ Saved: Board Meeting Intimation for Meeting Of The Board ...
    → Sent to n8n for processing
  ✓ Saved: Clarification Regarding Increase In Volume...
    → Sent to n8n for processing
  ✓ Saved: Clarification sought from 20 Microns Ltd...
  ✓ Saved: Announcement under Regulation 30 (LODR)-Newspaper ...
    → Sent to n8n for processing
  💾 Saved 14 new announcements

✅ Scraping completed in 35.41 seconds!
⚡ Average: 3.22s per stock

================================================================================
⏰ Scheduled run at 2025-10-11 22:11:56
================================================================================

🚀 Starting parallel scraper...

📋 Found 11 active stocks to scrape


📊 Scraping 544172 - Indegene Ltd...

📊 Scraping 500209 - Infosys Ltd...

📊 Scraping 544412 - 3B Films Ltd...
📊 Scraping 500002 - ABB India Ltd...

📊 Scraping 542772 - 360 ONE WAM LTD...

  Found 17 announcements
  Found 36 announcements
  Found 50 announcements
  💾 Saved 0 new announcements

📊 Scraping 544190 - 3C IT Solutions and Telecoms (India) Ltd...
  💾 Saved 0 new announcements

📊 Scraping 500180 - HDFC Bank Ltd...
  💾 Saved 0 new announcements

📊 Scraping 500325 - Reliance Industries Ltd...
  Found 50 announcements
  💾 Saved 0 new announcements

📊 Scraping 523395 - 3M India Ltd...
  Found 19 announcements
  💾 Saved 0 new announcements

📊 Scraping 532067 - 3B BlackBio Dx Ltd...
  Found 11 announcements
  💾 Saved 0 new announcements

📊 Scraping 533022 - 20 Microns Ltd...
  Found 46 announcements
  💾 Saved 0 new announcements
  Found 50 announcements
  💾 Saved 0 new announcements
  Found 37 announcements
  💾 Saved 0 new announcements
  Found 14 announcements
  💾 Saved 0 new announcements
  Found 31 announcements
  💾 Saved 0 new announcements

✅ Scraping completed in 20.61 seconds!
⚡ Average: 1.87s per stock

================================================================================
⏰ Scheduled run at 2025-10-11 22:13:17
================================================================================

🚀 Starting parallel scraper...

📋 Found 12 active stocks to scrape


📊 Scraping 544172 - Indegene Ltd...

📊 Scraping 500209 - Infosys Ltd...

📊 Scraping 544412 - 3B Films Ltd...

📊 Scraping 500002 - ABB India Ltd...

📊 Scraping 542772 - 360 ONE WAM LTD...
  Found 50 announcements
  💾 Saved 0 new announcements

📊 Scraping 544522 - A B Cotspin lndia Ltd...
  Found 36 announcements
  💾 Saved 0 new announcements

📊 Scraping 544190 - 3C IT Solutions and Telecoms (India) Ltd...
  Found 17 announcements
  Found 50 announcements
  💾 Saved 0 new announcements

📊 Scraping 500180 - HDFC Bank Ltd...
  💾 Saved 0 new announcements

📊 Scraping 500325 - Reliance Industries Ltd...
  Found 19 announcements
  💾 Saved 0 new announcements

📊 Scraping 523395 - 3M India Ltd...
  Found 5 announcements
  ✓ Saved: Compliances-Certificate under Reg. 74 (5) of SEBI ...
    → Sent to n8n for processing
  ✓ Saved: Disclosure Of Voting Results Along With The Scruti...
    → Sent to n8n for processing
  ✓ Saved: Shareholder Meeting / Postal Ballot-Outcome of AGM...
    → Sent to n8n for processing
  ✓ Saved: Closure of Trading Window...
    → Sent to n8n for processing
  ✓ Saved: Listing of Equity Shares of A B Cotspin lndia Ltd...
  💾 Saved 5 new announcements

📊 Scraping 532067 - 3B BlackBio Dx Ltd...
  Found 11 announcements
  💾 Saved 0 new announcements

📊 Scraping 533022 - 20 Microns Ltd...
  Found 46 announcements
  Found 50 announcements
  💾 Saved 0 new announcements
  💾 Saved 0 new announcements
  Found 37 announcements
  💾 Saved 0 new announcements
  Found 14 announcements
  💾 Saved 0 new announcements
  Found 31 announcements
  💾 Saved 0 new announcements

✅ Scraping completed in 22.97 seconds!
⚡ Average: 1.91s per stock

================================================================================
⏰ Scheduled run at 2025-10-11 22:14:40
================================================================================

🚀 Starting parallel scraper...

📋 Found 14 active stocks to scrape


📊 Scraping 544172 - Indegene Ltd...

📊 Scraping 500209 - Infosys Ltd...

📊 Scraping 544412 - 3B Films Ltd...

📊 Scraping 500002 - ABB India Ltd...

📊 Scraping 542772 - 360 ONE WAM LTD...
  Found 19 announcements
  Found 17 announcements
  💾 Saved 0 new announcements
  💾 Saved 0 new announcements

📊 Scraping 544522 - A B Cotspin lndia Ltd...

📊 Scraping 544190 - 3C IT Solutions and Telecoms (India) Ltd...
  Found 36 announcements
  💾 Saved 0 new announcements

📊 Scraping 544281 - A B Infrabuild Ltd...
  Found 50 announcements
  Found 50 announcements
  💾 Saved 0 new announcements

📊 Scraping 500180 - HDFC Bank Ltd...
  💾 Saved 0 new announcements

📊 Scraping 500325 - Reliance Industries Ltd...
  Found 11 announcements
  Found 5 announcements
  💾 Saved 0 new announcements

📊 Scraping 523395 - 3M India Ltd...
  💾 Saved 0 new announcements

📊 Scraping 532067 - 3B BlackBio Dx Ltd...
  Found 20 announcements
  ✓ Saved: Corporate Action-Intimation of Sub division / Stoc...
    → Sent to n8n for processing
  ✓ Saved: Shareholder Meeting / Postal Ballot-Scrutinizer''s...
    → Sent to n8n for processing
  ✓ Saved: Shareholder Meeting / Postal Ballot-Outcome of AGM...
    → Sent to n8n for processing
  ✓ Saved: Closure of Trading Window...
    → Sent to n8n for processing
  ✓ Saved: Announcement under Regulation 30 (LODR)-Newspaper ...
    → Sent to n8n for processing
  ✓ Saved: Reg. 34 (1) Annual Report....
    → Sent to n8n for processing
  ✓ Saved: Notice Of 15Th Annual General Meeting...
    → Sent to n8n for processing
  ✓ Saved: Announcement under Regulation 30 (LODR)-Newspaper ...
    → Sent to n8n for processing
  ✓ Saved: Record Date For Dividend...
    → Sent to n8n for processing
  ✓ Saved: Book Closure For 15Th AGM Of The Company...
    → Sent to n8n for processing
  ✓ Saved: Announcement Of 15Th AGM Of The Company...
    → Sent to n8n for processing
  ✓ Saved: Board Meeting Outcome for Outcome Of Board Meeting...
    → Sent to n8n for processing
  ✓ Saved: Board Meeting Intimation for Approval Of Split/Sub...
    → Sent to n8n for processing
  ✓ Saved: Announcement under Regulation 30 (LODR)-Newspaper ...
    → Sent to n8n for processing
  ✓ Saved: Announcement under Regulation 30 (LODR)-Change in ...
    → Sent to n8n for processing
  ✓ Saved: Board Meeting Outcome for Outcome Of Board Meeting...
    → Sent to n8n for processing
  ✓ Saved: Financial Result For The Quarter Ended 30Th June, ...
    → Sent to n8n for processing
  ✓ Saved: Board Meeting Intimation for Approval Of Financial...
    → Sent to n8n for processing
  ✓ Saved: Compliances-Certificate under Reg. 74 (5) of SEBI ...
    → Sent to n8n for processing
  ✓ Saved: Announcement under Regulation 30 (LODR)-Change in ...
    → Sent to n8n for processing
  💾 Saved 20 new announcements

📊 Scraping 533022 - 20 Microns Ltd...
  Found 46 announcements
  💾 Saved 0 new announcements

📊 Scraping 540874 - 7Seas Entertainment Ltd...
  Found 50 announcements
  💾 Saved 0 new announcements
  Found 37 announcements
  Found 31 announcements
  💾 Saved 0 new announcements
  💾 Saved 0 new announcements
  Found 14 announcements
  💾 Saved 0 new announcements
  Found 15 announcements
  ✓ Saved: Shareholder Meeting / Postal Ballot-Scrutinizer''s...
    → Sent to n8n for processing
  ✓ Saved: Shareholder Meeting / Postal Ballot-Outcome of AGM...
    → Sent to n8n for processing
  ✓ Saved: Closure of Trading Window...
    → Sent to n8n for processing
  ✓ Saved: Reg. 34 (1) Annual Report....
    → Sent to n8n for processing
  ✓ Saved: Intimation Of Book Closure Regarding 34Th Annual G...
    → Sent to n8n for processing
  ✓ Saved: Submission Of 34Th AGM Notice Which Is Dispatched ...
    → Sent to n8n for processing
  ✓ Saved: Announcement under Regulation 30 (LODR)-Resignatio...
    → Sent to n8n for processing
  ✓ Saved: Intimation Of Reconstitution Of Committees Of The ...
    → Sent to n8n for processing
  ✓ Saved: Board Meeting Outcome for 
Sub: Outcome Of Board M...
    → Sent to n8n for processing
  ✓ Saved: Board Meeting Intimation for Raising Of Funds Thro...
    → Sent to n8n for processing
  ✓ Saved: Clarification In Respect Of The Proposed Promotion...
    → Sent to n8n for processing
  ✓ Saved: Outcome Of Board Meeting Under Regulations 30 Read...
    → Sent to n8n for processing
  ✓ Saved: Board Meeting Intimation for Approval Of Unaudited...
    → Sent to n8n for processing
  ✓ Saved: Compliances-Certificate under Reg. 74 (5) of SEBI ...
    → Sent to n8n for processing
  💾 Saved 14 new announcements

✅ Scraping completed in 24.84 seconds!
⚡ Average: 1.77s per stock

================================================================================
⏰ Scheduled run at 2025-10-11 22:16:05
================================================================================

🚀 Starting parallel scraper...

📋 Found 14 active stocks to scrape


📊 Scraping 544172 - Indegene Ltd...

📊 Scraping 500209 - Infosys Ltd...

📊 Scraping 544412 - 3B Films Ltd...

📊 Scraping 500002 - ABB India Ltd...

📊 Scraping 542772 - 360 ONE WAM LTD...
  Found 17 announcements
  Found 50 announcements
  💾 Saved 0 new announcements

📊 Scraping 544522 - A B Cotspin lndia Ltd...
  💾 Saved 0 new announcements

📊 Scraping 544190 - 3C IT Solutions and Telecoms (India) Ltd...
  Found 36 announcements
  💾 Saved 0 new announcements

📊 Scraping 544281 - A B Infrabuild Ltd...
  Found 19 announcements
  💾 Saved 0 new announcements

📊 Scraping 500180 - HDFC Bank Ltd...
  Found 50 announcements
  Found 5 announcements
  💾 Saved 0 new announcements

📊 Scraping 500325 - Reliance Industries Ltd...
  💾 Saved 0 new announcements

📊 Scraping 523395 - 3M India Ltd...
  Found 11 announcements
  💾 Saved 0 new announcements

📊 Scraping 532067 - 3B BlackBio Dx Ltd...
  Found 20 announcements
  💾 Saved 0 new announcements

📊 Scraping 533022 - 20 Microns Ltd...
  Found 46 announcements
  💾 Saved 0 new announcements

📊 Scraping 540874 - 7Seas Entertainment Ltd...
  Found 50 announcements
  Found 37 announcements
  💾 Saved 0 new announcements
  💾 Saved 0 new announcements
  Found 31 announcements
  💾 Saved 0 new announcements
  Found 14 announcements
  💾 Saved 0 new announcements
  Found 15 announcements
  💾 Saved 0 new announcements

✅ Scraping completed in 26.44 seconds!
⚡ Average: 1.89s per stock

================================================================================
⏰ Scheduled run at 2025-10-11 22:17:32
================================================================================

🚀 Starting parallel scraper...

📋 Found 14 active stocks to scrape


📊 Scraping 544172 - Indegene Ltd...

📊 Scraping 500209 - Infosys Ltd...

📊 Scraping 544412 - 3B Films Ltd...

📊 Scraping 500002 - ABB India Ltd...

📊 Scraping 544522 - A B Cotspin lndia Ltd...
  Found 36 announcements
  💾 Saved 0 new announcements

📊 Scraping 542772 - 360 ONE WAM LTD...
  Found 19 announcements
  💾 Saved 0 new announcements

📊 Scraping 544281 - A B Infrabuild Ltd...
  Found 17 announcements
  💾 Saved 0 new announcements

📊 Scraping 544190 - 3C IT Solutions and Telecoms (India) Ltd...
  Found 50 announcements
  💾 Saved 0 new announcements

📊 Scraping 500180 - HDFC Bank Ltd...
  Found 5 announcements
  💾 Saved 0 new announcements

📊 Scraping 500325 - Reliance Industries Ltd...
  Found 50 announcements
  💾 Saved 0 new announcements

📊 Scraping 523395 - 3M India Ltd...
  Found 20 announcements
  💾 Saved 0 new announcements

📊 Scraping 532067 - 3B BlackBio Dx Ltd...
  Found 11 announcements
  💾 Saved 0 new announcements

📊 Scraping 533022 - 20 Microns Ltd...
  Found 46 announcements
  Found 50 announcements
  💾 Saved 0 new announcements

📊 Scraping 540874 - 7Seas Entertainment Ltd...
  💾 Saved 0 new announcements
  Found 37 announcements
  💾 Saved 0 new announcements
  Found 31 announcements
  💾 Saved 0 new announcements
  Found 14 announcements
  💾 Saved 0 new announcements
  Found 15 announcements
  💾 Saved 0 new announcements

✅ Scraping completed in 31.57 seconds!
⚡ Average: 2.25s per stock

================================================================================
⏰ Scheduled run at 2025-10-11 22:19:04
================================================================================

🚀 Starting parallel scraper...

📋 Found 14 active stocks to scrape


📊 Scraping 544172 - Indegene Ltd...

📊 Scraping 500209 - Infosys Ltd...

📊 Scraping 544412 - 3B Films Ltd...

📊 Scraping 500002 - ABB India Ltd...

📊 Scraping 544522 - A B Cotspin lndia Ltd...
  Found 36 announcements
  💾 Saved 0 new announcements

📊 Scraping 542772 - 360 ONE WAM LTD...
  Found 17 announcements
  Found 50 announcements
  💾 Saved 0 new announcements

📊 Scraping 544281 - A B Infrabuild Ltd...
  💾 Saved 0 new announcements

📊 Scraping 544190 - 3C IT Solutions and Telecoms (India) Ltd...
  Found 19 announcements
  💾 Saved 0 new announcements

📊 Scraping 500180 - HDFC Bank Ltd...
  Found 5 announcements
  💾 Saved 0 new announcements

📊 Scraping 500325 - Reliance Industries Ltd...
  Found 50 announcements
  💾 Saved 0 new announcements

📊 Scraping 523395 - 3M India Ltd...
  Found 20 announcements
  💾 Saved 0 new announcements

📊 Scraping 532067 - 3B BlackBio Dx Ltd...
  Found 11 announcements
  💾 Saved 0 new announcements

📊 Scraping 533022 - 20 Microns Ltd...
  Found 46 announcements
  💾 Saved 0 new announcements

📊 Scraping 540874 - 7Seas Entertainment Ltd...
  Found 50 announcements
  💾 Saved 0 new announcements
  Found 37 announcements
  💾 Saved 0 new announcements
  Found 31 announcements
  💾 Saved 0 new announcements
  Found 14 announcements
  💾 Saved 0 new announcements
  Found 15 announcements
  💾 Saved 0 new announcements

✅ Scraping completed in 34.29 seconds!
⚡ Average: 2.45s per stock

================================================================================
⏰ Scheduled run at 2025-10-11 22:20:38
================================================================================

🚀 Starting parallel scraper...

📋 Found 14 active stocks to scrape


📊 Scraping 544172 - Indegene Ltd...

📊 Scraping 500209 - Infosys Ltd...

📊 Scraping 544412 - 3B Films Ltd...

📊 Scraping 500002 - ABB India Ltd...

📊 Scraping 544522 - A B Cotspin lndia Ltd...
  Found 17 announcements
  💾 Saved 0 new announcements

📊 Scraping 542772 - 360 ONE WAM LTD...
  Found 36 announcements
  💾 Saved 0 new announcements

📊 Scraping 544281 - A B Infrabuild Ltd...
  Found 5 announcements
  💾 Saved 0 new announcements

📊 Scraping 544190 - 3C IT Solutions and Telecoms (India) Ltd...
  Found 50 announcements
  💾 Saved 0 new announcements

📊 Scraping 500180 - HDFC Bank Ltd...
  Found 19 announcements
  💾 Saved 0 new announcements

📊 Scraping 500325 - Reliance Industries Ltd...
  Found 50 announcements
  Found 20 announcements
  💾 Saved 0 new announcements

📊 Scraping 523395 - 3M India Ltd...
  💾 Saved 0 new announcements

📊 Scraping 532067 - 3B BlackBio Dx Ltd...
  Found 11 announcements
  💾 Saved 0 new announcements

📊 Scraping 533022 - 20 Microns Ltd...
  Found 46 announcements
  💾 Saved 0 new announcements

📊 Scraping 540874 - 7Seas Entertainment Ltd...
  Found 50 announcements
  💾 Saved 0 new announcements
  Found 37 announcements
  💾 Saved 0 new announcements
  Found 31 announcements
  💾 Saved 0 new announcements
  Found 14 announcements
  💾 Saved 0 new announcements
  Found 15 announcements
  💾 Saved 0 new announcements

✅ Scraping completed in 38.63 seconds!
⚡ Average: 2.76s per stock

================================================================================
⏰ Scheduled run at 2025-10-11 22:22:17
================================================================================

🚀 Starting parallel scraper...

📋 Found 14 active stocks to scrape


📊 Scraping 544172 - Indegene Ltd...

📊 Scraping 500209 - Infosys Ltd...

📊 Scraping 544412 - 3B Films Ltd...

📊 Scraping 500002 - ABB India Ltd...

📊 Scraping 544522 - A B Cotspin lndia Ltd...
  Found 50 announcements
  💾 Saved 0 new announcements

📊 Scraping 542772 - 360 ONE WAM LTD...
  Found 36 announcements
  💾 Saved 0 new announcements

📊 Scraping 544281 - A B Infrabuild Ltd...
  Found 19 announcements
  Found 17 announcements
  💾 Saved 0 new announcements
  💾 Saved 0 new announcements

📊 Scraping 544190 - 3C IT Solutions and Telecoms (India) Ltd...

📊 Scraping 500180 - HDFC Bank Ltd...
  Found 5 announcements
  💾 Saved 0 new announcements

📊 Scraping 500325 - Reliance Industries Ltd...
  Found 50 announcements
  💾 Saved 0 new announcements

📊 Scraping 523395 - 3M India Ltd...
  Found 20 announcements
  💾 Saved 0 new announcements

📊 Scraping 532067 - 3B BlackBio Dx Ltd...
  Found 11 announcements
  💾 Saved 0 new announcements

📊 Scraping 533022 - 20 Microns Ltd...
  Found 46 announcements
  💾 Saved 0 new announcements

📊 Scraping 540874 - 7Seas Entertainment Ltd...
  Found 50 announcements
  💾 Saved 0 new announcements
  Found 37 announcements
  💾 Saved 0 new announcements
  Found 31 announcements
  💾 Saved 0 new announcements
  Found 14 announcements
  💾 Saved 0 new announcements
  Found 15 announcements
  💾 Saved 0 new announcements

✅ Scraping completed in 36.90 seconds!
⚡ Average: 2.64s per stock

================================================================================
⏰ Scheduled run at 2025-10-11 22:23:54
================================================================================

🚀 Starting parallel scraper...

📋 Found 12 active stocks to scrape


📊 Scraping 544172 - Indegene Ltd...

📊 Scraping 500209 - Infosys Ltd...

📊 Scraping 544412 - 3B Films Ltd...

📊 Scraping 500002 - ABB India Ltd...

📊 Scraping 544522 - A B Cotspin lndia Ltd...
  Found 17 announcements
  Found 50 announcements
  💾 Saved 0 new announcements

📊 Scraping 544281 - A B Infrabuild Ltd...
  💾 Saved 0 new announcements

📊 Scraping 544190 - 3C IT Solutions and Telecoms (India) Ltd...
  Found 19 announcements
  💾 Saved 0 new announcements

📊 Scraping 500180 - HDFC Bank Ltd...
  Found 5 announcements
  Found 36 announcements
  💾 Saved 0 new announcements

📊 Scraping 500325 - Reliance Industries Ltd...
  💾 Saved 0 new announcements

📊 Scraping 523395 - 3M India Ltd...
  Found 20 announcements
  💾 Saved 0 new announcements

📊 Scraping 526881 - 63 Moons Technologies Ltd...
  Found 11 announcements
  💾 Saved 0 new announcements

📊 Scraping 540874 - 7Seas Entertainment Ltd...
  Found 46 announcements
  💾 Saved 0 new announcements
  Found 50 announcements
  Found 37 announcements
  💾 Saved 0 new announcements
  💾 Saved 0 new announcements
  Found 15 announcements
  💾 Saved 0 new announcements
  Found 20 announcements
  ✓ Saved: Intimation To Holders Of Physical Securities For F...
    → Sent to n8n for processing
  ✓ Saved: Closure of Trading Window...
    → Sent to n8n for processing
  ✓ Saved: Shareholder Meeting / Postal Ballot-Scrutinizer''s...
    → Sent to n8n for processing
  ✓ Saved: Shareholder Meeting / Postal Ballot-Outcome of AGM...
    → Sent to n8n for processing
  ✓ Saved: Record Date For Dividend...
    → Sent to n8n for processing
  ✓ Saved: Raising Of Funds By M/S. 63SATS Cybertech Limited...
    → Sent to n8n for processing
  ✓ Saved: UPDATE - SALE OF STP-GATE BUSINESS UNDERTAKING...
    → Sent to n8n for processing
  ✓ Saved: Announcement under Regulation 30 (LODR)-Newspaper ...
    → Sent to n8n for processing
  ✓ Saved: Company Fixes Book Closure For The Purpose Of AGM ...
    → Sent to n8n for processing
  ✓ Saved: Business Responsibility and Sustainability Reporti...
    → Sent to n8n for processing
  ✓ Saved: Annual Report (F.Y. 2024-25) Of The Company, Notic...
    → Sent to n8n for processing
  ✓ Saved: Reg. 34 (1) Annual Report....
    → Sent to n8n for processing
  ✓ Saved: Announcement under Regulation 30 (LODR)-Newspaper ...
    → Sent to n8n for processing
  ✓ Saved: Approval For Investment In Non-Material Subsidiary...
    → Sent to n8n for processing
  ✓ Saved: Unaudited Financial Results (Standalone And Consol...
    → Sent to n8n for processing
  ✓ Saved: Board Meeting Outcome for Outcome Of Board Meeting...
    → Sent to n8n for processing
  ✓ Saved: Board Meeting Intimation for Unaudited Financial R...
    → Sent to n8n for processing
  ✓ Saved: Shareholder Meeting / Postal Ballot-Scrutinizer"s ...
    → Sent to n8n for processing
  ✓ Saved: Shareholder Meeting / Postal Ballot-Outcome of Pos...
    → Sent to n8n for processing
  ✓ Saved: Announcement under Regulation 30 (LODR)-Newspaper ...
    → Sent to n8n for processing
  💾 Saved 20 new announcements

✅ Scraping completed in 33.59 seconds!
⚡ Average: 2.80s per stock

================================================================================
⏰ Scheduled run at 2025-10-11 22:25:28
================================================================================

🚀 Starting parallel scraper...

📋 Found 12 active stocks to scrape


📊 Scraping 544172 - Indegene Ltd...

📊 Scraping 500209 - Infosys Ltd...

📊 Scraping 544412 - 3B Films Ltd...

📊 Scraping 500002 - ABB India Ltd...

📊 Scraping 544522 - A B Cotspin lndia Ltd...
  Found 50 announcements
  💾 Saved 0 new announcements

📊 Scraping 544190 - 3C IT Solutions and Telecoms (India) Ltd...
  Found 5 announcements
  Found 17 announcements
  💾 Saved 0 new announcements

📊 Scraping 544281 - A B Infrabuild Ltd...
  💾 Saved 0 new announcements

📊 Scraping 500180 - HDFC Bank Ltd...
  Found 19 announcements
  💾 Saved 0 new announcements

📊 Scraping 500325 - Reliance Industries Ltd...
  Found 36 announcements
  💾 Saved 0 new announcements

📊 Scraping 523395 - 3M India Ltd...
  Found 11 announcements
  💾 Saved 0 new announcements

📊 Scraping 526881 - 63 Moons Technologies Ltd...
  Found 20 announcements
  Found 46 announcements
  💾 Saved 0 new announcements

📊 Scraping 540874 - 7Seas Entertainment Ltd...
  💾 Saved 0 new announcements
  Found 50 announcements
  💾 Saved 0 new announcements
  Found 37 announcements
  💾 Saved 0 new announcements
  Found 20 announcements
  💾 Saved 0 new announcements
  Found 15 announcements
  💾 Saved 0 new announcements

✅ Scraping completed in 33.67 seconds!
⚡ Average: 2.81s per stock

================================================================================
⏰ Scheduled run at 2025-10-11 22:27:02
================================================================================

🚀 Starting parallel scraper...

📋 Found 13 active stocks to scrape


📊 Scraping 544172 - Indegene Ltd...

📊 Scraping 500209 - Infosys Ltd...

📊 Scraping 544412 - 3B Films Ltd...

📊 Scraping 500002 - ABB India Ltd...

📊 Scraping 544522 - A B Cotspin lndia Ltd...
  Found 17 announcements
  💾 Saved 0 new announcements

📊 Scraping 544190 - 3C IT Solutions and Telecoms (India) Ltd...
  Found 50 announcements
  💾 Saved 0 new announcements

📊 Scraping 544281 - A B Infrabuild Ltd...
  Found 5 announcements
  Found 36 announcements
  💾 Saved 0 new announcements

📊 Scraping 500180 - HDFC Bank Ltd...
  💾 Saved 0 new announcements

📊 Scraping 500325 - Reliance Industries Ltd...
  Found 19 announcements
  💾 Saved 0 new announcements

📊 Scraping 523395 - 3M India Ltd...
  Found 11 announcements
  💾 Saved 0 new announcements

📊 Scraping 526881 - 63 Moons Technologies Ltd...
  Found 20 announcements
  💾 Saved 0 new announcements

📊 Scraping 533022 - 20 Microns Ltd...
  Found 46 announcements
  Found 50 announcements
  💾 Saved 0 new announcements

📊 Scraping 540874 - 7Seas Entertainment Ltd...
  💾 Saved 0 new announcements
  Found 37 announcements
  💾 Saved 0 new announcements
  Found 20 announcements
  💾 Saved 0 new announcements
  Found 14 announcements
  💾 Saved 0 new announcements
  Found 15 announcements
  💾 Saved 0 new announcements

✅ Scraping completed in 34.88 seconds!
⚡ Average: 2.68s per stock

================================================================================
⏰ Scheduled run at 2025-10-11 22:28:37
================================================================================

🚀 Starting parallel scraper...

📋 Found 14 active stocks to scrape


📊 Scraping 544172 - Indegene Ltd...

📊 Scraping 500209 - Infosys Ltd...

📊 Scraping 544412 - 3B Films Ltd...

📊 Scraping 500002 - ABB India Ltd...

📊 Scraping 544522 - A B Cotspin lndia Ltd...
  Found 36 announcements
  💾 Saved 0 new announcements

📊 Scraping 544190 - 3C IT Solutions and Telecoms (India) Ltd...
  Found 50 announcements
  💾 Saved 0 new announcements

📊 Scraping 544281 - A B Infrabuild Ltd...
  Found 17 announcements
  💾 Saved 0 new announcements

📊 Scraping 500180 - HDFC Bank Ltd...
  Found 19 announcements
  💾 Saved 0 new announcements

📊 Scraping 500325 - Reliance Industries Ltd...
  Found 5 announcements
  💾 Saved 0 new announcements

📊 Scraping 523395 - 3M India Ltd...
  Found 11 announcements
  💾 Saved 0 new announcements

📊 Scraping 526881 - 63 Moons Technologies Ltd...
  Found 46 announcements
  Found 20 announcements
  💾 Saved 0 new announcements

📊 Scraping 532215 - AXIS Bank Ltd...
  💾 Saved 0 new announcements

📊 Scraping 533022 - 20 Microns Ltd...
  Found 50 announcements
  💾 Saved 0 new announcements

📊 Scraping 540874 - 7Seas Entertainment Ltd...
  Found 37 announcements
  💾 Saved 0 new announcements
  Found 20 announcements
  💾 Saved 0 new announcements
  Found 50 announcements
  Found 14 announcements
  ✓ Saved: Axis Bank Limited Has Informed The Exchange About ...
    → Sent to n8n for processing
  ✓ Saved: Announcement under Regulation 30 (LODR)-Analyst / ...
    → Sent to n8n for processing
  ✓ Saved: Compliances-Certificate under Reg. 74 (5) of SEBI ...
    → Sent to n8n for processing
  ✓ Saved: Announcement under Regulation 30 (LODR)-Allotment ...
  💾 Saved 0 new announcements
    → Sent to n8n for processing
  ✓ Saved: Board Meeting Intimation for Board Meeting Intimat...
    → Sent to n8n for processing
  ✓ Saved: Announcement under Regulation 30 (LODR)-Allotment ...
    → Sent to n8n for processing
  ✓ Saved: Closure of Trading Window...
    → Sent to n8n for processing
  ✓ Saved: Announcement under Regulation 30 (LODR)-Analyst / ...
    → Sent to n8n for processing
  ✓ Saved: Announcement under Regulation 30 (LODR)-Allotment ...
    → Sent to n8n for processing
  ✓ Saved: Announcement under Regulation 30 (LODR)-Analyst / ...
    → Sent to n8n for processing
  ✓ Saved: Announcement under Regulation 30 (LODR)-Allotment ...
    → Sent to n8n for processing
  ✓ Saved: Announcement under Regulation 30 (LODR)-Analyst / ...
    → Sent to n8n for processing
  ✓ Saved: Announcement under Regulation 30 (LODR)-Analyst / ...
    → Sent to n8n for processing
  ✓ Saved: Announcement under Regulation 30 (LODR)-Analyst / ...
    → Sent to n8n for processing
  ✓ Saved: Announcement under Regulation 30 (LODR)-Analyst / ...
    → Sent to n8n for processing
  ✓ Saved: Announcement under Regulation 30 (LODR)-Allotment ...
    → Sent to n8n for processing
  ✓ Saved: Announcement under Regulation 30 (LODR)-Analyst / ...
    → Sent to n8n for processing
  ✓ Saved: Announcement under Regulation 30 (LODR)-Analyst / ...
    → Sent to n8n for processing
  ✓ Saved: Announcement under Regulation 30 (LODR)-Allotment ...
    → Sent to n8n for processing
  ✓ Saved: Announcement under Regulation 30 (LODR)-Analyst / ...
    → Sent to n8n for processing
  ✓ Saved: Announcement under Regulation 30 (LODR)-Allotment ...
    → Sent to n8n for processing
  ✓ Saved: Announcement under Regulation 30 (LODR)-Analyst / ...
    → Sent to n8n for processing
  ✓ Saved: Announcement under Regulation 30 (LODR)-Analyst / ...
    → Sent to n8n for processing
  ✓ Saved: Announcement under Regulation 30 (LODR)-Allotment ...
    → Sent to n8n for processing
  ✓ Saved: Announcement under Regulation 30 (LODR)-Analyst / ...
    → Sent to n8n for processing
  ✓ Saved: Announcement under Regulation 30 (LODR)-Credit Rat...
    → Sent to n8n for processing
  ✓ Saved: Announcement under Regulation 30 (LODR)-Analyst / ...
    → Sent to n8n for processing
  ✓ Saved: Announcement under Regulation 30 (LODR)-Allotment ...
    → Sent to n8n for processing
  ✓ Saved: Announcement under Regulation 30 (LODR)-Analyst / ...
    → Sent to n8n for processing
  ✓ Saved: Announcement under Regulation 30 (LODR)-Analyst / ...
    → Sent to n8n for processing
  ✓ Saved: Withdrawal Of Nomination Of Rajiv Anand As A Direc...
    → Sent to n8n for processing
  ✓ Saved: Announcement under Regulation 30 (LODR)-Allotment ...
    → Sent to n8n for processing
  ✓ Saved: Announcement under Regulation 30 (LODR)-Change in ...
    → Sent to n8n for processing
  ✓ Saved: Announcement under Regulation 30 (LODR)-Allotment ...
    → Sent to n8n for processing
  ✓ Saved: Announcement under Regulation 30 (LODR)-Analyst / ...
    → Sent to n8n for processing
  ✓ Saved: Shareholder Meeting / Postal Ballot-Scrutinizer''s...
    → Sent to n8n for processing
  ✓ Saved: Shareholder Meeting / Postal Ballot-Outcome of AGM...
    → Sent to n8n for processing
  ✓ Saved: Revision In Vesting Period - Axis Bank Employees S...
    → Sent to n8n for processing
  ✓ Saved: Announcement under Regulation 30 (LODR)-Allotment ...
    → Sent to n8n for processing
  ✓ Saved: Announcement under Regulation 30 (LODR)-Analyst / ...
    → Sent to n8n for processing
  ✓ Saved: Announcement under Regulation 30 (LODR)-Analyst / ...
    → Sent to n8n for processing
  ✓ Saved: Clarification -Volume Movement...
    → Sent to n8n for processing
  ✓ Saved: Clarification sought from AXIS Bank Ltd...
  ✓ Saved: Announcement under Regulation 30 (LODR)-Change in ...
    → Sent to n8n for processing
  ✓ Saved: Announcement under Regulation 30 (LODR)-Allotment ...
    → Sent to n8n for processing
  ✓ Saved: Announcement under Regulation 30 (LODR)-Change in ...
    → Sent to n8n for processing
  ✓ Saved: Announcement under Regulation 30 (LODR)-Newspaper ...
    → Sent to n8n for processing
  ✓ Saved: Announcement under Regulation 30 (LODR)-Code of Co...
    → Sent to n8n for processing
  💾 Saved 48 new announcements
  Found 15 announcements
  💾 Saved 0 new announcements

✅ Scraping completed in 36.48 seconds!
⚡ Average: 2.61s per stock

================================================================================
⏰ Scheduled run at 2025-10-11 22:30:14
================================================================================

🚀 Starting parallel scraper...

📋 Found 14 active stocks to scrape


📊 Scraping 544172 - Indegene Ltd...

📊 Scraping 500209 - Infosys Ltd...

📊 Scraping 544412 - 3B Films Ltd...

📊 Scraping 500002 - ABB India Ltd...

📊 Scraping 544522 - A B Cotspin lndia Ltd...
  Found 17 announcements
  💾 Saved 0 new announcements

📊 Scraping 544190 - 3C IT Solutions and Telecoms (India) Ltd...
  Found 50 announcements
  💾 Saved 0 new announcements

📊 Scraping 544281 - A B Infrabuild Ltd...
  Found 36 announcements
  💾 Saved 0 new announcements

📊 Scraping 500180 - HDFC Bank Ltd...
  Found 19 announcements
  Found 5 announcements
  💾 Saved 0 new announcements

📊 Scraping 500325 - Reliance Industries Ltd...
  💾 Saved 0 new announcements

📊 Scraping 523395 - 3M India Ltd...
  Found 11 announcements
  💾 Saved 0 new announcements

📊 Scraping 526881 - 63 Moons Technologies Ltd...
  Found 20 announcements
  💾 Saved 0 new announcements

📊 Scraping 532215 - AXIS Bank Ltd...
  Found 46 announcements
  💾 Saved 0 new announcements

📊 Scraping 533022 - 20 Microns Ltd...
  Found 37 announcements
  💾 Saved 0 new announcements

📊 Scraping 540874 - 7Seas Entertainment Ltd...
  Found 50 announcements
  💾 Saved 0 new announcements
  Found 20 announcements
  💾 Saved 0 new announcements
  Found 14 announcements
  💾 Saved 0 new announcements
  Found 50 announcements
  💾 Saved 0 new announcements
  Found 15 announcements
  💾 Saved 0 new announcements

✅ Scraping completed in 37.11 seconds!
⚡ Average: 2.65s per stock

================================================================================
⏰ Scheduled run at 2025-10-11 22:31:51
================================================================================

🚀 Starting parallel scraper...

📋 Found 14 active stocks to scrape


📊 Scraping 544172 - Indegene Ltd...
📊 Scraping 500209 - Infosys Ltd...

📊 Scraping 544412 - 3B Films Ltd...

📊 Scraping 500002 - ABB India Ltd...


📊 Scraping 544522 - A B Cotspin lndia Ltd...
  Found 5 announcements
  💾 Saved 0 new announcements

📊 Scraping 544190 - 3C IT Solutions and Telecoms (India) Ltd...
  Found 17 announcements
  💾 Saved 0 new announcements

📊 Scraping 544281 - A B Infrabuild Ltd...
  Found 50 announcements
  💾 Saved 0 new announcements

📊 Scraping 500180 - HDFC Bank Ltd...
  Found 19 announcements
  💾 Saved 0 new announcements

📊 Scraping 500325 - Reliance Industries Ltd...
  Found 36 announcements
  💾 Saved 0 new announcements

📊 Scraping 523395 - 3M India Ltd...
  Found 11 announcements
  💾 Saved 0 new announcements

📊 Scraping 526881 - 63 Moons Technologies Ltd...
  Found 20 announcements
  💾 Saved 0 new announcements

📊 Scraping 532215 - AXIS Bank Ltd...
  Found 46 announcements
  💾 Saved 0 new announcements

📊 Scraping 533022 - 20 Microns Ltd...
  Found 50 announcements
  Found 37 announcements
  💾 Saved 0 new announcements

📊 Scraping 540874 - 7Seas Entertainment Ltd...
  💾 Saved 0 new announcements
  Found 20 announcements
  💾 Saved 0 new announcements
  Found 50 announcements
  💾 Saved 0 new announcements
  Found 14 announcements
  💾 Saved 0 new announcements
  Found 15 announcements
  💾 Saved 0 new announcements

✅ Scraping completed in 38.41 seconds!
⚡ Average: 2.74s per stock

================================================================================
⏰ Scheduled run at 2025-10-11 22:33:30
================================================================================

🚀 Starting parallel scraper...

📋 Found 14 active stocks to scrape


📊 Scraping 544172 - Indegene Ltd...

📊 Scraping 500209 - Infosys Ltd...

📊 Scraping 544412 - 3B Films Ltd...

📊 Scraping 500002 - ABB India Ltd...

📊 Scraping 544522 - A B Cotspin lndia Ltd...
  Found 17 announcements
  Found 50 announcements
  💾 Saved 0 new announcements

📊 Scraping 544190 - 3C IT Solutions and Telecoms (India) Ltd...
  💾 Saved 0 new announcements

📊 Scraping 544281 - A B Infrabuild Ltd...
  Found 36 announcements
  💾 Saved 0 new announcements

📊 Scraping 500180 - HDFC Bank Ltd...
  Found 5 announcements
  💾 Saved 0 new announcements

📊 Scraping 500325 - Reliance Industries Ltd...
  Found 19 announcements
  💾 Saved 0 new announcements

📊 Scraping 523395 - 3M India Ltd...
  Found 11 announcements
  💾 Saved 0 new announcements

📊 Scraping 526881 - 63 Moons Technologies Ltd...
  Found 20 announcements
  💾 Saved 0 new announcements

📊 Scraping 532215 - AXIS Bank Ltd...
  Found 46 announcements
  Found 50 announcements
  💾 Saved 0 new announcements

📊 Scraping 533022 - 20 Microns Ltd...
  💾 Saved 0 new announcements

📊 Scraping 540874 - 7Seas Entertainment Ltd...
  Found 37 announcements
  💾 Saved 0 new announcements
  Found 20 announcements
  💾 Saved 0 new announcements
  Found 50 announcements
  💾 Saved 0 new announcements
  Found 14 announcements
  💾 Saved 0 new announcements
  Found 15 announcements
  💾 Saved 0 new announcements

✅ Scraping completed in 37.34 seconds!
⚡ Average: 2.67s per stock

================================================================================
⏰ Scheduled run at 2025-10-11 22:35:07
================================================================================

🚀 Starting parallel scraper...

📋 Found 14 active stocks to scrape


📊 Scraping 544172 - Indegene Ltd...

📊 Scraping 500209 - Infosys Ltd...

📊 Scraping 544412 - 3B Films Ltd...

📊 Scraping 500002 - ABB India Ltd...

📊 Scraping 544522 - A B Cotspin lndia Ltd...
  Found 36 announcements
  Found 50 announcements
  💾 Saved 0 new announcements

📊 Scraping 544190 - 3C IT Solutions and Telecoms (India) Ltd...
  💾 Saved 0 new announcements

📊 Scraping 544281 - A B Infrabuild Ltd...
  Found 17 announcements
  Found 19 announcements
  💾 Saved 0 new announcements

📊 Scraping 500180 - HDFC Bank Ltd...
  💾 Saved 0 new announcements

📊 Scraping 500325 - Reliance Industries Ltd...
  Found 5 announcements
  💾 Saved 0 new announcements

📊 Scraping 523395 - 3M India Ltd...
  Found 11 announcements
  💾 Saved 0 new announcements

📊 Scraping 526881 - 63 Moons Technologies Ltd...
  Found 20 announcements
  💾 Saved 0 new announcements

📊 Scraping 532215 - AXIS Bank Ltd...
  Found 46 announcements
  Found 50 announcements
  💾 Saved 0 new announcements

📊 Scraping 533022 - 20 Microns Ltd...
  💾 Saved 0 new announcements

📊 Scraping 540874 - 7Seas Entertainment Ltd...
  Found 37 announcements
  💾 Saved 0 new announcements
  Found 20 announcements
  💾 Saved 0 new announcements
  Found 50 announcements
  💾 Saved 0 new announcements
  Found 14 announcements
  Found 15 announcements
  💾 Saved 0 new announcements
  💾 Saved 0 new announcements

✅ Scraping completed in 38.06 seconds!
⚡ Average: 2.72s per stock

================================================================================
⏰ Scheduled run at 2025-10-11 22:36:46
================================================================================

🚀 Starting parallel scraper...

📋 Found 14 active stocks to scrape


📊 Scraping 544172 - Indegene Ltd...

📊 Scraping 500209 - Infosys Ltd...

📊 Scraping 544412 - 3B Films Ltd...

📊 Scraping 500002 - ABB India Ltd...

📊 Scraping 544522 - A B Cotspin lndia Ltd...
  Found 50 announcements
  💾 Saved 0 new announcements

📊 Scraping 544190 - 3C IT Solutions and Telecoms (India) Ltd...
  Found 19 announcements
  💾 Saved 0 new announcements

📊 Scraping 544281 - A B Infrabuild Ltd...
  Found 17 announcements
  💾 Saved 0 new announcements

📊 Scraping 500180 - HDFC Bank Ltd...
  Found 36 announcements
  💾 Saved 0 new announcements

📊 Scraping 500325 - Reliance Industries Ltd...
  Found 5 announcements
  💾 Saved 0 new announcements

📊 Scraping 523395 - 3M India Ltd...
  Found 11 announcements
  💾 Saved 0 new announcements

📊 Scraping 526881 - 63 Moons Technologies Ltd...
  Found 20 announcements
  💾 Saved 0 new announcements

📊 Scraping 532215 - AXIS Bank Ltd...
  Found 46 announcements
  💾 Saved 0 new announcements

📊 Scraping 533022 - 20 Microns Ltd...
  Found 37 announcements
  Found 50 announcements
  💾 Saved 0 new announcements

📊 Scraping 540874 - 7Seas Entertainment Ltd...
  💾 Saved 0 new announcements
  Found 20 announcements
  💾 Saved 0 new announcements
  Found 50 announcements
  💾 Saved 0 new announcements
  Found 15 announcements
  💾 Saved 0 new announcements
  Found 14 announcements
  💾 Saved 0 new announcements

✅ Scraping completed in 37.44 seconds!
⚡ Average: 2.67s per stock

================================================================================
⏰ Scheduled run at 2025-10-11 22:38:23
================================================================================

🚀 Starting parallel scraper...

📋 Found 0 active stocks to scrape

⚠ No active stocks found!

================================================================================
⏰ Scheduled run at 2025-10-11 22:39:23
================================================================================

🚀 Starting parallel scraper...

📋 Found 1 active stocks to scrape


📊 Scraping 503162 - Reliance Chemotex Industries Ltd-$...
  Found 26 announcements
  💾 Saved 0 new announcements

✅ Scraping completed in 6.76 seconds!
⚡ Average: 6.76s per stock

================================================================================
⏰ Scheduled run at 2025-10-11 22:40:30
================================================================================

🚀 Starting parallel scraper...

📋 Found 1 active stocks to scrape


📊 Scraping 532215 - AXIS Bank Ltd...
  Found 50 announcements
  💾 Saved 0 new announcements

✅ Scraping completed in 7.92 seconds!
⚡ Average: 7.92s per stock

================================================================================
⏰ Scheduled run at 2025-10-11 22:41:39
================================================================================

🚀 Starting parallel scraper...

📋 Found 1 active stocks to scrape


📊 Scraping 532215 - AXIS Bank Ltd...
  Found 50 announcements
  💾 Saved 0 new announcements

✅ Scraping completed in 7.48 seconds!
⚡ Average: 7.48s per stock

================================================================================
⏰ Scheduled run at 2025-10-11 22:42:46
================================================================================

🚀 Starting parallel scraper...

📋 Found 1 active stocks to scrape


📊 Scraping 532215 - AXIS Bank Ltd...
  Found 50 announcements
  💾 Saved 0 new announcements

✅ Scraping completed in 7.45 seconds!
⚡ Average: 7.45s per stock

================================================================================
⏰ Scheduled run at 2025-10-11 22:43:54
================================================================================

🚀 Starting parallel scraper...

📋 Found 1 active stocks to scrape


📊 Scraping 532215 - AXIS Bank Ltd...
  Found 50 announcements
  💾 Saved 0 new announcements

✅ Scraping completed in 8.46 seconds!
⚡ Average: 8.46s per stock

================================================================================
⏰ Scheduled run at 2025-10-11 22:45:03
================================================================================

🚀 Starting parallel scraper...

📋 Found 2 active stocks to scrape


📊 Scraping 544172 - Indegene Ltd...

📊 Scraping 532215 - AXIS Bank Ltd...
  Found 36 announcements
  💾 Saved 0 new announcements
  Found 50 announcements
  💾 Saved 0 new announcements

✅ Scraping completed in 10.93 seconds!
⚡ Average: 5.47s per stock

================================================================================
⏰ Scheduled run at 2025-10-11 22:46:14
================================================================================

🚀 Starting parallel scraper...

📋 Found 2 active stocks to scrape


📊 Scraping 544172 - Indegene Ltd...

📊 Scraping 532215 - AXIS Bank Ltd...
  Found 36 announcements
  💾 Saved 0 new announcements
  Found 50 announcements
  💾 Saved 0 new announcements

✅ Scraping completed in 12.98 seconds!
⚡ Average: 6.49s per stock

================================================================================
⏰ Scheduled run at 2025-10-11 22:47:27
================================================================================

🚀 Starting parallel scraper...

📋 Found 2 active stocks to scrape


📊 Scraping 544172 - Indegene Ltd...

📊 Scraping 532215 - AXIS Bank Ltd...
  Found 50 announcements
  💾 Saved 0 new announcements
  Found 36 announcements
  💾 Saved 0 new announcements

✅ Scraping completed in 10.85 seconds!
⚡ Average: 5.43s per stock

================================================================================
⏰ Scheduled run at 2025-10-11 22:48:38
================================================================================

🚀 Starting parallel scraper...

📋 Found 2 active stocks to scrape


📊 Scraping 544172 - Indegene Ltd...

📊 Scraping 532215 - AXIS Bank Ltd...
  Found 50 announcements
  💾 Saved 0 new announcements
  Found 36 announcements
  💾 Saved 0 new announcements

✅ Scraping completed in 11.34 seconds!
⚡ Average: 5.67s per stock

================================================================================
⏰ Scheduled run at 2025-10-11 22:49:50
================================================================================

🚀 Starting parallel scraper...

📋 Found 2 active stocks to scrape


📊 Scraping 544172 - Indegene Ltd...

📊 Scraping 532215 - AXIS Bank Ltd...
  Found 36 announcements
  Found 50 announcements
  💾 Saved 0 new announcements
  💾 Saved 0 new announcements

✅ Scraping completed in 11.04 seconds!
⚡ Average: 5.52s per stock

================================================================================
⏰ Scheduled run at 2025-10-11 22:51:01
================================================================================

🚀 Starting parallel scraper...

📋 Found 2 active stocks to scrape


📊 Scraping 544172 - Indegene Ltd...

📊 Scraping 532215 - AXIS Bank Ltd...
  Found 36 announcements
  Found 50 announcements
  💾 Saved 0 new announcements
  💾 Saved 0 new announcements

✅ Scraping completed in 10.99 seconds!
⚡ Average: 5.49s per stock

================================================================================
⏰ Scheduled run at 2025-10-11 22:52:12
================================================================================

🚀 Starting parallel scraper...

📋 Found 2 active stocks to scrape


📊 Scraping 544172 - Indegene Ltd...

📊 Scraping 532215 - AXIS Bank Ltd...
  Found 50 announcements
  💾 Saved 0 new announcements
  Found 36 announcements
  💾 Saved 0 new announcements

✅ Scraping completed in 10.84 seconds!
⚡ Average: 5.42s per stock

================================================================================
⏰ Scheduled run at 2025-10-11 22:53:23
================================================================================

🚀 Starting parallel scraper...

📋 Found 2 active stocks to scrape


📊 Scraping 544172 - Indegene Ltd...

📊 Scraping 532215 - AXIS Bank Ltd...
  Found 36 announcements
  Found 50 announcements
  💾 Saved 0 new announcements
  💾 Saved 0 new announcements

✅ Scraping completed in 12.03 seconds!
⚡ Average: 6.02s per stock

================================================================================
⏰ Scheduled run at 2025-10-11 22:54:36
================================================================================

🚀 Starting parallel scraper...

📋 Found 2 active stocks to scrape


📊 Scraping 544172 - Indegene Ltd...

📊 Scraping 532215 - AXIS Bank Ltd...
  Found 36 announcements
  💾 Saved 0 new announcements
  Found 50 announcements
  💾 Saved 0 new announcements

✅ Scraping completed in 12.00 seconds!
⚡ Average: 6.00s per stock

================================================================================
⏰ Scheduled run at 2025-10-11 22:55:48
================================================================================

🚀 Starting parallel scraper...

📋 Found 2 active stocks to scrape


📊 Scraping 544172 - Indegene Ltd...

📊 Scraping 532215 - AXIS Bank Ltd...
  Found 50 announcements
  💾 Saved 0 new announcements
  Found 36 announcements
  💾 Saved 0 new announcements

✅ Scraping completed in 9.35 seconds!
⚡ Average: 4.67s per stock

================================================================================
⏰ Scheduled run at 2025-10-11 22:56:57
================================================================================

🚀 Starting parallel scraper...

📋 Found 2 active stocks to scrape


📊 Scraping 544172 - Indegene Ltd...

📊 Scraping 532215 - AXIS Bank Ltd...
  Found 36 announcements
  Found 50 announcements
  💾 Saved 0 new announcements
  💾 Saved 0 new announcements

✅ Scraping completed in 11.48 seconds!
⚡ Average: 5.74s per stock

================================================================================
⏰ Scheduled run at 2025-10-11 22:58:09
================================================================================

🚀 Starting parallel scraper...

📋 Found 2 active stocks to scrape


📊 Scraping 544172 - Indegene Ltd...

📊 Scraping 532215 - AXIS Bank Ltd...
  Found 36 announcements
  Found 50 announcements
  💾 Saved 0 new announcements
  💾 Saved 0 new announcements

✅ Scraping completed in 11.55 seconds!
⚡ Average: 5.77s per stock

================================================================================
⏰ Scheduled run at 2025-10-11 22:59:21
================================================================================

🚀 Starting parallel scraper...

📋 Found 2 active stocks to scrape


📊 Scraping 544172 - Indegene Ltd...

📊 Scraping 532215 - AXIS Bank Ltd...
  Found 36 announcements
  Found 50 announcements
  💾 Saved 0 new announcements
  💾 Saved 0 new announcements

✅ Scraping completed in 11.54 seconds!
⚡ Average: 5.77s per stock

================================================================================
⏰ Scheduled run at 2025-10-11 23:00:33
================================================================================

🚀 Starting parallel scraper...

📋 Found 2 active stocks to scrape


📊 Scraping 544172 - Indegene Ltd...

📊 Scraping 532215 - AXIS Bank Ltd...
  Found 50 announcements
  💾 Saved 0 new announcements
  Found 36 announcements
  💾 Saved 0 new announcements

✅ Scraping completed in 10.84 seconds!
⚡ Average: 5.42s per stock

================================================================================
⏰ Scheduled run at 2025-10-11 23:01:44
================================================================================

🚀 Starting parallel scraper...

📋 Found 2 active stocks to scrape


📊 Scraping 544172 - Indegene Ltd...

📊 Scraping 532215 - AXIS Bank Ltd...
  Found 36 announcements
  Found 50 announcements
  💾 Saved 0 new announcements
  💾 Saved 0 new announcements

✅ Scraping completed in 951.39 seconds!
⚡ Average: 475.70s per stock

================================================================================
⏰ Scheduled run at 2025-10-11 23:22:50
================================================================================

🚀 Starting parallel scraper...

📋 Found 2 active stocks to scrape


📊 Scraping 544172 - Indegene Ltd...

📊 Scraping 532215 - AXIS Bank Ltd...
  Found 50 announcements
  Found 36 announcements
  💾 Saved 0 new announcements
  💾 Saved 0 new announcements

✅ Scraping completed in 9.94 seconds!
⚡ Average: 4.97s per stock

================================================================================
⏰ Scheduled run at 2025-10-11 23:24:00
================================================================================

🚀 Starting parallel scraper...

📋 Found 2 active stocks to scrape


📊 Scraping 544172 - Indegene Ltd...

📊 Scraping 532215 - AXIS Bank Ltd...
  Found 36 announcements
  Found 50 announcements
  💾 Saved 0 new announcements
  💾 Saved 0 new announcements

✅ Scraping completed in 7.47 seconds!
⚡ Average: 3.74s per stock

================================================================================
⏰ Scheduled run at 2025-10-11 23:25:08
================================================================================

🚀 Starting parallel scraper...

📋 Found 2 active stocks to scrape


📊 Scraping 544172 - Indegene Ltd...

📊 Scraping 532215 - AXIS Bank Ltd...
  Found 36 announcements
  Found 50 announcements
  💾 Saved 0 new announcements
  💾 Saved 0 new announcements

✅ Scraping completed in 6.94 seconds!
⚡ Average: 3.47s per stock

================================================================================
⏰ Scheduled run at 2025-10-11 23:26:15
================================================================================

🚀 Starting parallel scraper...

📋 Found 2 active stocks to scrape


📊 Scraping 544172 - Indegene Ltd...

📊 Scraping 532215 - AXIS Bank Ltd...
  Found 36 announcements
  Found 50 announcements
  💾 Saved 0 new announcements
  💾 Saved 0 new announcements

✅ Scraping completed in 7.44 seconds!
⚡ Average: 3.72s per stock

================================================================================
⏰ Scheduled run at 2025-10-11 23:27:23
================================================================================

🚀 Starting parallel scraper...

📋 Found 2 active stocks to scrape


📊 Scraping 544172 - Indegene Ltd...

📊 Scraping 532215 - AXIS Bank Ltd...
  Found 36 announcements
  💾 Saved 0 new announcements
  Found 50 announcements
  💾 Saved 0 new announcements

✅ Scraping completed in 7.99 seconds!
⚡ Average: 4.00s per stock

================================================================================
⏰ Scheduled run at 2025-10-11 23:28:31
================================================================================

🚀 Starting parallel scraper...

📋 Found 2 active stocks to scrape


📊 Scraping 544172 - Indegene Ltd...

📊 Scraping 532215 - AXIS Bank Ltd...
  Found 36 announcements
  Found 50 announcements
  💾 Saved 0 new announcements
  💾 Saved 0 new announcements

✅ Scraping completed in 7.47 seconds!
⚡ Average: 3.73s per stock

================================================================================
⏰ Scheduled run at 2025-10-11 23:29:38
================================================================================

🚀 Starting parallel scraper...

📋 Found 2 active stocks to scrape


📊 Scraping 544172 - Indegene Ltd...

📊 Scraping 532215 - AXIS Bank Ltd...
  Found 36 announcements
  Found 50 announcements
  💾 Saved 0 new announcements
  💾 Saved 0 new announcements

✅ Scraping completed in 11.00 seconds!
⚡ Average: 5.50s per stock

================================================================================
⏰ Scheduled run at 2025-10-11 23:30:50
================================================================================

🚀 Starting parallel scraper...

📋 Found 2 active stocks to scrape


📊 Scraping 544172 - Indegene Ltd...

📊 Scraping 532215 - AXIS Bank Ltd...
  Found 36 announcements
  Found 50 announcements
  💾 Saved 0 new announcements
  💾 Saved 0 new announcements

✅ Scraping completed in 11.49 seconds!
⚡ Average: 5.75s per stock

================================================================================
⏰ Scheduled run at 2025-10-11 23:32:01
================================================================================

🚀 Starting parallel scraper...

📋 Found 2 active stocks to scrape


📊 Scraping 544172 - Indegene Ltd...

📊 Scraping 532215 - AXIS Bank Ltd...
  Found 50 announcements
  💾 Saved 0 new announcements
  Found 36 announcements
  💾 Saved 0 new announcements

✅ Scraping completed in 11.36 seconds!
⚡ Average: 5.68s per stock

================================================================================
⏰ Scheduled run at 2025-10-11 23:33:13
================================================================================

🚀 Starting parallel scraper...

📋 Found 2 active stocks to scrape


📊 Scraping 544172 - Indegene Ltd...

📊 Scraping 532215 - AXIS Bank Ltd...
  Found 50 announcements
  💾 Saved 0 new announcements
  Found 36 announcements
  💾 Saved 0 new announcements

✅ Scraping completed in 9.85 seconds!
⚡ Average: 4.93s per stock

================================================================================
⏰ Scheduled run at 2025-10-11 23:34:23
================================================================================

🚀 Starting parallel scraper...

📋 Found 2 active stocks to scrape


📊 Scraping 544172 - Indegene Ltd...

📊 Scraping 532215 - AXIS Bank Ltd...
  Found 36 announcements
  Found 50 announcements
  💾 Saved 0 new announcements
  💾 Saved 0 new announcements

✅ Scraping completed in 10.97 seconds!
⚡ Average: 5.48s per stock

================================================================================
⏰ Scheduled run at 2025-10-11 23:35:34
================================================================================

🚀 Starting parallel scraper...

📋 Found 2 active stocks to scrape


📊 Scraping 544172 - Indegene Ltd...

📊 Scraping 532215 - AXIS Bank Ltd...
  Found 50 announcements
  💾 Saved 0 new announcements
  Found 36 announcements
  💾 Saved 0 new announcements

✅ Scraping completed in 10.88 seconds!
⚡ Average: 5.44s per stock

================================================================================
⏰ Scheduled run at 2025-10-11 23:36:45
================================================================================

🚀 Starting parallel scraper...

📋 Found 2 active stocks to scrape


📊 Scraping 544172 - Indegene Ltd...

📊 Scraping 532215 - AXIS Bank Ltd...
  Found 50 announcements
  Found 36 announcements
  💾 Saved 0 new announcements
  💾 Saved 0 new announcements

✅ Scraping completed in 10.48 seconds!
⚡ Average: 5.24s per stock

================================================================================
⏰ Scheduled run at 2025-10-11 23:37:56
================================================================================

🚀 Starting parallel scraper...

📋 Found 2 active stocks to scrape


📊 Scraping 544172 - Indegene Ltd...

📊 Scraping 532215 - AXIS Bank Ltd...
  Found 36 announcements
  Found 50 announcements
  💾 Saved 0 new announcements
  💾 Saved 0 new announcements

✅ Scraping completed in 11.55 seconds!
⚡ Average: 5.77s per stock

================================================================================
⏰ Scheduled run at 2025-10-11 23:39:08
================================================================================

🚀 Starting parallel scraper...

📋 Found 2 active stocks to scrape


📊 Scraping 544172 - Indegene Ltd...

📊 Scraping 532215 - AXIS Bank Ltd...
  Found 36 announcements
  Found 50 announcements
  💾 Saved 0 new announcements
  💾 Saved 0 new announcements

✅ Scraping completed in 11.46 seconds!
⚡ Average: 5.73s per stock

================================================================================
⏰ Scheduled run at 2025-10-11 23:40:19
================================================================================

🚀 Starting parallel scraper...

📋 Found 2 active stocks to scrape


📊 Scraping 544172 - Indegene Ltd...

📊 Scraping 532215 - AXIS Bank Ltd...
  Found 36 announcements
  💾 Saved 0 new announcements
  Found 50 announcements
  💾 Saved 0 new announcements

✅ Scraping completed in 11.44 seconds!
⚡ Average: 5.72s per stock

================================================================================
⏰ Scheduled run at 2025-10-11 23:41:31
================================================================================

🚀 Starting parallel scraper...

📋 Found 2 active stocks to scrape


📊 Scraping 544172 - Indegene Ltd...

📊 Scraping 532215 - AXIS Bank Ltd...
  Found 50 announcements
  Found 36 announcements
  💾 Saved 0 new announcements
  💾 Saved 0 new announcements

✅ Scraping completed in 10.47 seconds!
⚡ Average: 5.24s per stock

================================================================================
⏰ Scheduled run at 2025-10-11 23:42:42
================================================================================

🚀 Starting parallel scraper...

📋 Found 2 active stocks to scrape


📊 Scraping 544172 - Indegene Ltd...

📊 Scraping 532215 - AXIS Bank Ltd...
  Found 36 announcements
  Found 50 announcements
  💾 Saved 0 new announcements
  💾 Saved 0 new announcements

✅ Scraping completed in 11.98 seconds!
⚡ Average: 5.99s per stock

================================================================================
⏰ Scheduled run at 2025-10-11 23:43:54
================================================================================

🚀 Starting parallel scraper...

📋 Found 2 active stocks to scrape


📊 Scraping 544172 - Indegene Ltd...

📊 Scraping 532215 - AXIS Bank Ltd...
  Found 36 announcements
  💾 Saved 0 new announcements
  Found 50 announcements
  💾 Saved 0 new announcements

✅ Scraping completed in 11.42 seconds!
⚡ Average: 5.71s per stock

================================================================================
⏰ Scheduled run at 2025-10-11 23:45:06
================================================================================

🚀 Starting parallel scraper...

📋 Found 2 active stocks to scrape


📊 Scraping 544172 - Indegene Ltd...

📊 Scraping 532215 - AXIS Bank Ltd...
  Found 36 announcements
  Found 50 announcements
  💾 Saved 0 new announcements
  💾 Saved 0 new announcements

✅ Scraping completed in 10.98 seconds!
⚡ Average: 5.49s per stock

================================================================================
⏰ Scheduled run at 2025-10-11 23:46:17
================================================================================

🚀 Starting parallel scraper...

📋 Found 2 active stocks to scrape


📊 Scraping 544172 - Indegene Ltd...

📊 Scraping 532215 - AXIS Bank Ltd...
  Found 36 announcements
  💾 Saved 0 new announcements
  Found 50 announcements
  💾 Saved 0 new announcements

✅ Scraping completed in 11.46 seconds!
⚡ Average: 5.73s per stock

================================================================================
⏰ Scheduled run at 2025-10-11 23:47:29
================================================================================

🚀 Starting parallel scraper...

📋 Found 2 active stocks to scrape


📊 Scraping 544172 - Indegene Ltd...

📊 Scraping 532215 - AXIS Bank Ltd...
  Found 50 announcements
  Found 36 announcements
  💾 Saved 0 new announcements
  💾 Saved 0 new announcements

✅ Scraping completed in 10.06 seconds!
⚡ Average: 5.03s per stock

================================================================================
⏰ Scheduled run at 2025-10-11 23:48:39
================================================================================

🚀 Starting parallel scraper...

📋 Found 2 active stocks to scrape


📊 Scraping 544172 - Indegene Ltd...

📊 Scraping 532215 - AXIS Bank Ltd...
  Found 36 announcements
  Found 50 announcements
  💾 Saved 0 new announcements
  💾 Saved 0 new announcements

✅ Scraping completed in 11.02 seconds!
⚡ Average: 5.51s per stock

================================================================================
⏰ Scheduled run at 2025-10-11 23:49:50
================================================================================

🚀 Starting parallel scraper...

📋 Found 2 active stocks to scrape


📊 Scraping 544172 - Indegene Ltd...

📊 Scraping 532215 - AXIS Bank Ltd...
  Found 50 announcements
  💾 Saved 0 new announcements
  Found 36 announcements
  💾 Saved 0 new announcements

✅ Scraping completed in 10.85 seconds!
⚡ Average: 5.42s per stock

================================================================================
⏰ Scheduled run at 2025-10-11 23:51:01
================================================================================

🚀 Starting parallel scraper...

📋 Found 2 active stocks to scrape


📊 Scraping 544172 - Indegene Ltd...

📊 Scraping 532215 - AXIS Bank Ltd...
  Found 36 announcements
  Found 50 announcements
  💾 Saved 0 new announcements
  💾 Saved 0 new announcements

✅ Scraping completed in 10.51 seconds!
⚡ Average: 5.26s per stock

================================================================================
⏰ Scheduled run at 2025-10-11 23:52:12
================================================================================

🚀 Starting parallel scraper...

📋 Found 2 active stocks to scrape


📊 Scraping 544172 - Indegene Ltd...

📊 Scraping 532215 - AXIS Bank Ltd...
  Found 36 announcements
  Found 50 announcements
  💾 Saved 0 new announcements
  💾 Saved 0 new announcements

✅ Scraping completed in 11.00 seconds!
⚡ Average: 5.50s per stock

================================================================================
⏰ Scheduled run at 2025-10-11 23:53:23
================================================================================

🚀 Starting parallel scraper...

📋 Found 2 active stocks to scrape


📊 Scraping 544172 - Indegene Ltd...

📊 Scraping 532215 - AXIS Bank Ltd...
  Found 36 announcements
  💾 Saved 0 new announcements
  Found 50 announcements
  💾 Saved 0 new announcements

✅ Scraping completed in 11.41 seconds!
⚡ Average: 5.70s per stock

================================================================================
⏰ Scheduled run at 2025-10-11 23:54:35
================================================================================

🚀 Starting parallel scraper...

📋 Found 2 active stocks to scrape


📊 Scraping 544172 - Indegene Ltd...

📊 Scraping 532215 - AXIS Bank Ltd...
  Found 36 announcements
  Found 50 announcements
  💾 Saved 0 new announcements
  💾 Saved 0 new announcements

✅ Scraping completed in 11.02 seconds!
⚡ Average: 5.51s per stock

================================================================================
⏰ Scheduled run at 2025-10-11 23:55:46
================================================================================

🚀 Starting parallel scraper...

📋 Found 2 active stocks to scrape


📊 Scraping 544172 - Indegene Ltd...

📊 Scraping 532215 - AXIS Bank Ltd...
  Found 36 announcements
  💾 Saved 0 new announcements
  Found 50 announcements
  💾 Saved 0 new announcements

✅ Scraping completed in 11.41 seconds!
⚡ Average: 5.70s per stock

================================================================================
⏰ Scheduled run at 2025-10-11 23:56:58
================================================================================

🚀 Starting parallel scraper...

📋 Found 2 active stocks to scrape


📊 Scraping 544172 - Indegene Ltd...

📊 Scraping 532215 - AXIS Bank Ltd...
  Found 36 announcements
  Found 50 announcements
  💾 Saved 0 new announcements
  💾 Saved 0 new announcements

✅ Scraping completed in 9.97 seconds!
⚡ Average: 4.99s per stock

================================================================================
⏰ Scheduled run at 2025-10-12 00:12:52
================================================================================

🚀 Starting parallel scraper...

📋 Found 2 active stocks to scrape


📊 Scraping 544172 - Indegene Ltd...

📊 Scraping 532215 - AXIS Bank Ltd...
  Found 36 announcements
  💾 Saved 0 new announcements
  Found 50 announcements
  💾 Saved 0 new announcements

✅ Scraping completed in 9.47 seconds!
⚡ Average: 4.74s per stock

================================================================================
⏰ Scheduled run at 2025-10-12 00:30:22
================================================================================

🚀 Starting parallel scraper...

📋 Found 2 active stocks to scrape


📊 Scraping 544172 - Indegene Ltd...

📊 Scraping 532215 - AXIS Bank Ltd...
  Found 36 announcements
  Found 50 announcements
  💾 Saved 0 new announcements
  💾 Saved 0 new announcements

✅ Scraping completed in 13.50 seconds!
⚡ Average: 6.75s per stock

================================================================================
⏰ Scheduled run at 2025-10-12 00:46:57
================================================================================

🚀 Starting parallel scraper...

📋 Found 2 active stocks to scrape


📊 Scraping 544172 - Indegene Ltd...

📊 Scraping 532215 - AXIS Bank Ltd...
  ✗ Error: 500
  ✗ Error: 500

✅ Scraping completed in 10.08 seconds!
⚡ Average: 5.04s per stock

================================================================================
⏰ Scheduled run at 2025-10-12 01:04:01
================================================================================

🚀 Starting parallel scraper...

📋 Found 2 active stocks to scrape


📊 Scraping 544172 - Indegene Ltd...

📊 Scraping 532215 - AXIS Bank Ltd...
  Found 36 announcements
  Found 50 announcements
  💾 Saved 0 new announcements
  💾 Saved 0 new announcements

✅ Scraping completed in 12.00 seconds!
⚡ Average: 6.00s per stock

================================================================================
⏰ Scheduled run at 2025-10-12 01:20:13
================================================================================

🚀 Starting parallel scraper...

📋 Found 2 active stocks to scrape


📊 Scraping 544172 - Indegene Ltd...

📊 Scraping 532215 - AXIS Bank Ltd...
  ✗ Error: 500
  ✗ Error: 500

✅ Scraping completed in 5.55 seconds!
⚡ Average: 2.78s per stock

================================================================================
⏰ Scheduled run at 2025-10-12 01:21:19
================================================================================

🚀 Starting parallel scraper...

📋 Found 2 active stocks to scrape


📊 Scraping 544172 - Indegene Ltd...

📊 Scraping 532215 - AXIS Bank Ltd...
  Found 50 announcements
  💾 Saved 0 new announcements
  Found 36 announcements
  💾 Saved 0 new announcements

✅ Scraping completed in 972.20 seconds!
⚡ Average: 486.10s per stock

================================================================================
⏰ Scheduled run at 2025-10-12 01:53:43
================================================================================

🚀 Starting parallel scraper...

📋 Found 2 active stocks to scrape


📊 Scraping 544172 - Indegene Ltd...

📊 Scraping 532215 - AXIS Bank Ltd...
  ✗ Error: 500
  Found 36 announcements
  💾 Saved 0 new announcements

✅ Scraping completed in 26.00 seconds!
⚡ Average: 13.00s per stock

================================================================================
⏰ Scheduled run at 2025-10-12 01:55:54
================================================================================

🚀 Starting parallel scraper...

📋 Found 2 active stocks to scrape


📊 Scraping 544172 - Indegene Ltd...

📊 Scraping 532215 - AXIS Bank Ltd...
  ✗ Error: 408
  ✗ Error: 408

✅ Scraping completed in 10.07 seconds!
⚡ Average: 5.04s per stock

================================================================================
⏰ Scheduled run at 2025-10-12 01:57:05
================================================================================

🚀 Starting parallel scraper...

📋 Found 2 active stocks to scrape


📊 Scraping 544172 - Indegene Ltd...

📊 Scraping 532215 - AXIS Bank Ltd...
  Found 36 announcements
  Found 50 announcements
  💾 Saved 0 new announcements
  💾 Saved 0 new announcements

✅ Scraping completed in 11.99 seconds!
⚡ Average: 5.99s per stock

================================================================================
⏰ Scheduled run at 2025-10-12 01:58:17
================================================================================

🚀 Starting parallel scraper...

📋 Found 2 active stocks to scrape


📊 Scraping 544172 - Indegene Ltd...

📊 Scraping 532215 - AXIS Bank Ltd...
  Found 36 announcements
  💾 Saved 0 new announcements
  Found 50 announcements
  💾 Saved 0 new announcements

✅ Scraping completed in 11.40 seconds!
⚡ Average: 5.70s per stock

================================================================================
⏰ Scheduled run at 2025-10-12 01:59:29
================================================================================

🚀 Starting parallel scraper...

📋 Found 2 active stocks to scrape


📊 Scraping 544172 - Indegene Ltd...

📊 Scraping 532215 - AXIS Bank Ltd...
  Found 36 announcements
  Found 50 announcements
  💾 Saved 0 new announcements
  💾 Saved 0 new announcements

✅ Scraping completed in 12.51 seconds!
⚡ Average: 6.25s per stock

================================================================================
⏰ Scheduled run at 2025-10-12 02:00:42
================================================================================

🚀 Starting parallel scraper...

📋 Found 2 active stocks to scrape


📊 Scraping 544172 - Indegene Ltd...

📊 Scraping 532215 - AXIS Bank Ltd...
  Found 36 announcements
  Found 50 announcements
  💾 Saved 0 new announcements
  💾 Saved 0 new announcements

✅ Scraping completed in 10.93 seconds!
⚡ Average: 5.47s per stock

================================================================================
⏰ Scheduled run at 2025-10-12 02:01:53
================================================================================

🚀 Starting parallel scraper...

📋 Found 2 active stocks to scrape


📊 Scraping 544172 - Indegene Ltd...

📊 Scraping 532215 - AXIS Bank Ltd...
  Found 36 announcements
  Found 50 announcements
  💾 Saved 0 new announcements
  💾 Saved 0 new announcements

✅ Scraping completed in 10.94 seconds!
⚡ Average: 5.47s per stock

================================================================================
⏰ Scheduled run at 2025-10-12 02:03:05
================================================================================

🚀 Starting parallel scraper...

📋 Found 2 active stocks to scrape


📊 Scraping 544172 - Indegene Ltd...

📊 Scraping 532215 - AXIS Bank Ltd...
  Found 36 announcements
  💾 Saved 0 new announcements
  Found 50 announcements
  💾 Saved 0 new announcements

✅ Scraping completed in 10.93 seconds!
⚡ Average: 5.47s per stock

================================================================================
⏰ Scheduled run at 2025-10-12 02:04:16
================================================================================

🚀 Starting parallel scraper...

📋 Found 2 active stocks to scrape


📊 Scraping 544172 - Indegene Ltd...

📊 Scraping 532215 - AXIS Bank Ltd...
  Found 50 announcements
  Found 36 announcements
  💾 Saved 0 new announcements
  💾 Saved 0 new announcements

✅ Scraping completed in 9.95 seconds!
⚡ Average: 4.98s per stock

================================================================================
⏰ Scheduled run at 2025-10-12 02:05:26
================================================================================

🚀 Starting parallel scraper...

📋 Found 2 active stocks to scrape


📊 Scraping 544172 - Indegene Ltd...

📊 Scraping 532215 - AXIS Bank Ltd...
  Found 36 announcements
  Found 50 announcements
  💾 Saved 0 new announcements
  💾 Saved 0 new announcements

✅ Scraping completed in 11.02 seconds!
⚡ Average: 5.51s per stock

================================================================================
⏰ Scheduled run at 2025-10-12 02:06:38
================================================================================

🚀 Starting parallel scraper...

📋 Found 2 active stocks to scrape


📊 Scraping 544172 - Indegene Ltd...

📊 Scraping 532215 - AXIS Bank Ltd...
  Found 50 announcements
  💾 Saved 0 new announcements
  Found 36 announcements
  💾 Saved 0 new announcements

✅ Scraping completed in 10.81 seconds!
⚡ Average: 5.41s per stock

================================================================================
⏰ Scheduled run at 2025-10-12 02:07:49
================================================================================

🚀 Starting parallel scraper...

📋 Found 2 active stocks to scrape


📊 Scraping 544172 - Indegene Ltd...

📊 Scraping 532215 - AXIS Bank Ltd...
  Found 36 announcements
  Found 50 announcements
  💾 Saved 0 new announcements
  💾 Saved 0 new announcements

✅ Scraping completed in 10.49 seconds!
⚡ Average: 5.25s per stock

================================================================================
⏰ Scheduled run at 2025-10-12 02:09:00
================================================================================

🚀 Starting parallel scraper...

📋 Found 2 active stocks to scrape


📊 Scraping 544172 - Indegene Ltd...

📊 Scraping 532215 - AXIS Bank Ltd...
  Found 36 announcements
  💾 Saved 0 new announcements
  Found 50 announcements
  💾 Saved 0 new announcements

✅ Scraping completed in 11.43 seconds!
⚡ Average: 5.71s per stock

================================================================================
⏰ Scheduled run at 2025-10-12 02:10:11
================================================================================

🚀 Starting parallel scraper...

📋 Found 2 active stocks to scrape


📊 Scraping 544172 - Indegene Ltd...

📊 Scraping 532215 - AXIS Bank Ltd...
  Found 50 announcements
  💾 Saved 0 new announcements
  Found 36 announcements
  💾 Saved 0 new announcements

✅ Scraping completed in 10.88 seconds!
⚡ Average: 5.44s per stock

================================================================================
⏰ Scheduled run at 2025-10-12 02:11:23
================================================================================

🚀 Starting parallel scraper...

📋 Found 2 active stocks to scrape


📊 Scraping 544172 - Indegene Ltd...

📊 Scraping 532215 - AXIS Bank Ltd...
  Found 36 announcements
  💾 Saved 0 new announcements
  Found 50 announcements
  💾 Saved 0 new announcements

✅ Scraping completed in 10.94 seconds!
⚡ Average: 5.47s per stock

================================================================================
⏰ Scheduled run at 2025-10-12 02:12:34
================================================================================

🚀 Starting parallel scraper...

📋 Found 2 active stocks to scrape


📊 Scraping 544172 - Indegene Ltd...

📊 Scraping 532215 - AXIS Bank Ltd...
  Found 36 announcements
  Found 50 announcements
  💾 Saved 0 new announcements
  💾 Saved 0 new announcements

✅ Scraping completed in 10.49 seconds!
⚡ Average: 5.25s per stock

================================================================================
⏰ Scheduled run at 2025-10-12 02:13:45
================================================================================

🚀 Starting parallel scraper...

📋 Found 2 active stocks to scrape


📊 Scraping 544172 - Indegene Ltd...

📊 Scraping 532215 - AXIS Bank Ltd...
  Found 50 announcements
  💾 Saved 0 new announcements
  Found 36 announcements
  💾 Saved 0 new announcements

✅ Scraping completed in 10.87 seconds!
⚡ Average: 5.44s per stock

================================================================================
⏰ Scheduled run at 2025-10-12 02:14:56
================================================================================

🚀 Starting parallel scraper...

📋 Found 2 active stocks to scrape


📊 Scraping 544172 - Indegene Ltd...

📊 Scraping 532215 - AXIS Bank Ltd...
  Found 36 announcements
  Found 50 announcements
  💾 Saved 0 new announcements
  💾 Saved 0 new announcements

✅ Scraping completed in 10.95 seconds!
⚡ Average: 5.47s per stock

================================================================================
⏰ Scheduled run at 2025-10-12 02:16:07
================================================================================

🚀 Starting parallel scraper...

📋 Found 2 active stocks to scrape


📊 Scraping 544172 - Indegene Ltd...

📊 Scraping 532215 - AXIS Bank Ltd...
  Found 36 announcements
  💾 Saved 0 new announcements
  Found 50 announcements
  💾 Saved 0 new announcements

✅ Scraping completed in 10.91 seconds!
⚡ Average: 5.45s per stock

================================================================================
⏰ Scheduled run at 2025-10-12 02:17:19
================================================================================

🚀 Starting parallel scraper...

📋 Found 2 active stocks to scrape


📊 Scraping 544172 - Indegene Ltd...

📊 Scraping 532215 - AXIS Bank Ltd...
  Found 36 announcements
  Found 50 announcements
  💾 Saved 0 new announcements
  💾 Saved 0 new announcements

✅ Scraping completed in 11.04 seconds!
⚡ Average: 5.52s per stock

================================================================================
⏰ Scheduled run at 2025-10-12 02:18:30
================================================================================

🚀 Starting parallel scraper...

📋 Found 2 active stocks to scrape


📊 Scraping 544172 - Indegene Ltd...

📊 Scraping 532215 - AXIS Bank Ltd...
  Found 36 announcements
  💾 Saved 0 new announcements
  Found 50 announcements
  💾 Saved 0 new announcements

✅ Scraping completed in 10.98 seconds!
⚡ Average: 5.49s per stock

================================================================================
⏰ Scheduled run at 2025-10-12 02:19:42
================================================================================

🚀 Starting parallel scraper...

📋 Found 2 active stocks to scrape


📊 Scraping 544172 - Indegene Ltd...

📊 Scraping 532215 - AXIS Bank Ltd...
  Found 36 announcements
  Found 50 announcements
  💾 Saved 0 new announcements
  💾 Saved 0 new announcements

✅ Scraping completed in 10.00 seconds!
⚡ Average: 5.00s per stock

================================================================================
⏰ Scheduled run at 2025-10-12 02:20:52
================================================================================

🚀 Starting parallel scraper...

📋 Found 2 active stocks to scrape


📊 Scraping 544172 - Indegene Ltd...

📊 Scraping 532215 - AXIS Bank Ltd...
  Found 36 announcements
  Found 50 announcements
  💾 Saved 0 new announcements
  💾 Saved 0 new announcements

✅ Scraping completed in 11.01 seconds!
⚡ Average: 5.50s per stock

================================================================================
⏰ Scheduled run at 2025-10-12 02:22:03
================================================================================

🚀 Starting parallel scraper...

📋 Found 2 active stocks to scrape


📊 Scraping 544172 - Indegene Ltd...

📊 Scraping 532215 - AXIS Bank Ltd...
  Found 36 announcements
  Found 50 announcements
  💾 Saved 0 new announcements
  💾 Saved 0 new announcements

✅ Scraping completed in 11.45 seconds!
⚡ Average: 5.73s per stock

================================================================================
⏰ Scheduled run at 2025-10-12 02:23:15
================================================================================

🚀 Starting parallel scraper...

📋 Found 2 active stocks to scrape


📊 Scraping 544172 - Indegene Ltd...

📊 Scraping 532215 - AXIS Bank Ltd...
  Found 50 announcements
  💾 Saved 0 new announcements
  Found 36 announcements
  💾 Saved 0 new announcements

✅ Scraping completed in 10.88 seconds!
⚡ Average: 5.44s per stock

================================================================================
⏰ Scheduled run at 2025-10-12 02:24:26
================================================================================

🚀 Starting parallel scraper...

📋 Found 2 active stocks to scrape


📊 Scraping 544172 - Indegene Ltd...

📊 Scraping 532215 - AXIS Bank Ltd...
  Found 36 announcements
  Found 50 announcements
  💾 Saved 0 new announcements
  💾 Saved 0 new announcements

✅ Scraping completed in 9.98 seconds!
⚡ Average: 4.99s per stock

================================================================================
⏰ Scheduled run at 2025-10-12 02:25:37
================================================================================

🚀 Starting parallel scraper...

📋 Found 2 active stocks to scrape


📊 Scraping 544172 - Indegene Ltd...

📊 Scraping 532215 - AXIS Bank Ltd...
  Found 36 announcements
  💾 Saved 0 new announcements
  Found 50 announcements
  💾 Saved 0 new announcements

✅ Scraping completed in 10.95 seconds!
⚡ Average: 5.47s per stock

================================================================================
⏰ Scheduled run at 2025-10-12 02:26:48
================================================================================

🚀 Starting parallel scraper...

📋 Found 2 active stocks to scrape


📊 Scraping 544172 - Indegene Ltd...

📊 Scraping 532215 - AXIS Bank Ltd...
  Found 36 announcements
  Found 50 announcements
  💾 Saved 0 new announcements
  💾 Saved 0 new announcements

✅ Scraping completed in 11.52 seconds!
⚡ Average: 5.76s per stock

================================================================================
⏰ Scheduled run at 2025-10-12 02:28:00
================================================================================

🚀 Starting parallel scraper...

📋 Found 2 active stocks to scrape


📊 Scraping 544172 - Indegene Ltd...

📊 Scraping 532215 - AXIS Bank Ltd...
  Found 36 announcements
  💾 Saved 0 new announcements
  Found 50 announcements
  💾 Saved 0 new announcements

✅ Scraping completed in 10.95 seconds!
⚡ Average: 5.48s per stock

================================================================================
⏰ Scheduled run at 2025-10-12 02:29:11
================================================================================

🚀 Starting parallel scraper...

📋 Found 2 active stocks to scrape


📊 Scraping 544172 - Indegene Ltd...

📊 Scraping 532215 - AXIS Bank Ltd...
  Found 36 announcements
  💾 Saved 0 new announcements
  Found 50 announcements
  💾 Saved 0 new announcements

✅ Scraping completed in 10.48 seconds!
⚡ Average: 5.24s per stock

================================================================================
⏰ Scheduled run at 2025-10-12 02:30:22
================================================================================

🚀 Starting parallel scraper...

📋 Found 2 active stocks to scrape


📊 Scraping 544172 - Indegene Ltd...

📊 Scraping 532215 - AXIS Bank Ltd...
  Found 36 announcements
  Found 50 announcements
  💾 Saved 0 new announcements
  💾 Saved 0 new announcements

✅ Scraping completed in 10.43 seconds!
⚡ Average: 5.22s per stock

================================================================================
⏰ Scheduled run at 2025-10-12 02:31:33
================================================================================

🚀 Starting parallel scraper...

📋 Found 2 active stocks to scrape


📊 Scraping 544172 - Indegene Ltd...

📊 Scraping 532215 - AXIS Bank Ltd...
  Found 36 announcements
  Found 50 announcements
  💾 Saved 0 new announcements
  💾 Saved 0 new announcements

✅ Scraping completed in 11.53 seconds!
⚡ Average: 5.77s per stock

================================================================================
⏰ Scheduled run at 2025-10-12 02:32:45
================================================================================

🚀 Starting parallel scraper...

📋 Found 2 active stocks to scrape


📊 Scraping 544172 - Indegene Ltd...

📊 Scraping 532215 - AXIS Bank Ltd...
  Found 50 announcements
  💾 Saved 0 new announcements
  Found 36 announcements
  💾 Saved 0 new announcements

✅ Scraping completed in 10.87 seconds!
⚡ Average: 5.43s per stock

================================================================================
⏰ Scheduled run at 2025-10-12 02:33:56
================================================================================

🚀 Starting parallel scraper...

📋 Found 2 active stocks to scrape


📊 Scraping 544172 - Indegene Ltd...

📊 Scraping 532215 - AXIS Bank Ltd...
  Found 36 announcements
  💾 Saved 0 new announcements
  Found 50 announcements
  💾 Saved 0 new announcements

✅ Scraping completed in 10.45 seconds!
⚡ Average: 5.22s per stock

================================================================================
⏰ Scheduled run at 2025-10-12 02:35:07
================================================================================

🚀 Starting parallel scraper...

📋 Found 2 active stocks to scrape


📊 Scraping 544172 - Indegene Ltd...

📊 Scraping 532215 - AXIS Bank Ltd...
  Found 36 announcements
  Found 50 announcements
  💾 Saved 0 new announcements
  💾 Saved 0 new announcements

✅ Scraping completed in 10.49 seconds!
⚡ Average: 5.25s per stock

================================================================================
⏰ Scheduled run at 2025-10-12 02:36:18
================================================================================

🚀 Starting parallel scraper...

📋 Found 2 active stocks to scrape


📊 Scraping 544172 - Indegene Ltd...

📊 Scraping 532215 - AXIS Bank Ltd...
  Found 36 announcements
  Found 50 announcements
  💾 Saved 0 new announcements
  💾 Saved 0 new announcements

✅ Scraping completed in 11.50 seconds!
⚡ Average: 5.75s per stock

================================================================================
⏰ Scheduled run at 2025-10-12 02:37:30
================================================================================

🚀 Starting parallel scraper...

📋 Found 2 active stocks to scrape


📊 Scraping 544172 - Indegene Ltd...

📊 Scraping 532215 - AXIS Bank Ltd...
  Found 36 announcements
  💾 Saved 0 new announcements
  Found 50 announcements
  💾 Saved 0 new announcements

✅ Scraping completed in 10.96 seconds!
⚡ Average: 5.48s per stock

================================================================================
⏰ Scheduled run at 2025-10-12 02:38:41
================================================================================

🚀 Starting parallel scraper...

📋 Found 2 active stocks to scrape


📊 Scraping 544172 - Indegene Ltd...

📊 Scraping 532215 - AXIS Bank Ltd...
  Found 36 announcements
  💾 Saved 0 new announcements
  Found 50 announcements
  💾 Saved 0 new announcements

✅ Scraping completed in 10.44 seconds!
⚡ Average: 5.22s per stock

================================================================================
⏰ Scheduled run at 2025-10-12 02:39:52
================================================================================

🚀 Starting parallel scraper...

📋 Found 2 active stocks to scrape


📊 Scraping 544172 - Indegene Ltd...

📊 Scraping 532215 - AXIS Bank Ltd...
  Found 36 announcements
  Found 50 announcements
  💾 Saved 0 new announcements
  💾 Saved 0 new announcements

✅ Scraping completed in 10.48 seconds!
⚡ Average: 5.24s per stock

================================================================================
⏰ Scheduled run at 2025-10-12 02:41:03
================================================================================

🚀 Starting parallel scraper...

📋 Found 2 active stocks to scrape


📊 Scraping 544172 - Indegene Ltd...

📊 Scraping 532215 - AXIS Bank Ltd...
  Found 36 announcements
  Found 50 announcements
  💾 Saved 0 new announcements
  💾 Saved 0 new announcements

✅ Scraping completed in 11.47 seconds!
⚡ Average: 5.74s per stock

================================================================================
⏰ Scheduled run at 2025-10-12 02:42:15
================================================================================

🚀 Starting parallel scraper...

📋 Found 2 active stocks to scrape


📊 Scraping 544172 - Indegene Ltd...

📊 Scraping 532215 - AXIS Bank Ltd...
  Found 36 announcements
  💾 Saved 0 new announcements
  Found 50 announcements
  💾 Saved 0 new announcements

✅ Scraping completed in 10.94 seconds!
⚡ Average: 5.47s per stock

================================================================================
⏰ Scheduled run at 2025-10-12 02:43:26
================================================================================

🚀 Starting parallel scraper...

📋 Found 2 active stocks to scrape


📊 Scraping 544172 - Indegene Ltd...

📊 Scraping 532215 - AXIS Bank Ltd...
  Found 36 announcements
  Found 50 announcements
  💾 Saved 0 new announcements
  💾 Saved 0 new announcements

✅ Scraping completed in 9.97 seconds!
⚡ Average: 4.99s per stock

================================================================================
⏰ Scheduled run at 2025-10-12 02:44:36
================================================================================

🚀 Starting parallel scraper...

📋 Found 2 active stocks to scrape


📊 Scraping 544172 - Indegene Ltd...

📊 Scraping 532215 - AXIS Bank Ltd...
  Found 36 announcements
  💾 Saved 0 new announcements
  Found 50 announcements
  💾 Saved 0 new announcements

✅ Scraping completed in 11.48 seconds!
⚡ Average: 5.74s per stock

================================================================================
⏰ Scheduled run at 2025-10-12 02:45:48
================================================================================

🚀 Starting parallel scraper...

📋 Found 2 active stocks to scrape


📊 Scraping 544172 - Indegene Ltd...

📊 Scraping 532215 - AXIS Bank Ltd...
  Found 36 announcements
  Found 50 announcements
  💾 Saved 0 new announcements
  💾 Saved 0 new announcements

✅ Scraping completed in 10.99 seconds!
⚡ Average: 5.49s per stock

================================================================================
⏰ Scheduled run at 2025-10-12 02:47:00
================================================================================

🚀 Starting parallel scraper...

📋 Found 2 active stocks to scrape


📊 Scraping 544172 - Indegene Ltd...

📊 Scraping 532215 - AXIS Bank Ltd...
  Found 50 announcements
  💾 Saved 0 new announcements
  Found 36 announcements
  💾 Saved 0 new announcements

✅ Scraping completed in 10.83 seconds!
⚡ Average: 5.41s per stock

================================================================================
⏰ Scheduled run at 2025-10-12 02:48:11
================================================================================

🚀 Starting parallel scraper...

📋 Found 2 active stocks to scrape


📊 Scraping 544172 - Indegene Ltd...

📊 Scraping 532215 - AXIS Bank Ltd...
  Found 36 announcements
  Found 50 announcements
  💾 Saved 0 new announcements
  💾 Saved 0 new announcements

✅ Scraping completed in 11.02 seconds!
⚡ Average: 5.51s per stock

================================================================================
⏰ Scheduled run at 2025-10-12 02:49:22
================================================================================

🚀 Starting parallel scraper...

📋 Found 2 active stocks to scrape


📊 Scraping 544172 - Indegene Ltd...

📊 Scraping 532215 - AXIS Bank Ltd...
  Found 36 announcements
  💾 Saved 0 new announcements
  Found 50 announcements
  💾 Saved 0 new announcements

✅ Scraping completed in 10.96 seconds!
⚡ Average: 5.48s per stock

================================================================================
⏰ Scheduled run at 2025-10-12 02:50:33
================================================================================

🚀 Starting parallel scraper...

📋 Found 2 active stocks to scrape


📊 Scraping 544172 - Indegene Ltd...

📊 Scraping 532215 - AXIS Bank Ltd...
  Found 36 announcements
  Found 50 announcements
  💾 Saved 0 new announcements
  💾 Saved 0 new announcements

✅ Scraping completed in 10.45 seconds!
⚡ Average: 5.23s per stock

================================================================================
⏰ Scheduled run at 2025-10-12 02:51:44
================================================================================

🚀 Starting parallel scraper...

📋 Found 2 active stocks to scrape


📊 Scraping 544172 - Indegene Ltd...

📊 Scraping 532215 - AXIS Bank Ltd...
  Found 36 announcements
  💾 Saved 0 new announcements
  Found 50 announcements
  💾 Saved 0 new announcements

✅ Scraping completed in 11.40 seconds!
⚡ Average: 5.70s per stock

================================================================================
⏰ Scheduled run at 2025-10-12 02:52:56
================================================================================

🚀 Starting parallel scraper...

📋 Found 2 active stocks to scrape


📊 Scraping 544172 - Indegene Ltd...

📊 Scraping 532215 - AXIS Bank Ltd...
  Found 36 announcements
  Found 50 announcements
  💾 Saved 0 new announcements
  💾 Saved 0 new announcements

✅ Scraping completed in 10.50 seconds!
⚡ Average: 5.25s per stock

================================================================================
⏰ Scheduled run at 2025-10-12 02:54:07
================================================================================

🚀 Starting parallel scraper...

📋 Found 2 active stocks to scrape


📊 Scraping 544172 - Indegene Ltd...

📊 Scraping 532215 - AXIS Bank Ltd...
  Found 50 announcements
  💾 Saved 0 new announcements
  Found 36 announcements
  💾 Saved 0 new announcements

✅ Scraping completed in 11.41 seconds!
⚡ Average: 5.70s per stock

================================================================================
⏰ Scheduled run at 2025-10-12 02:55:19
================================================================================

🚀 Starting parallel scraper...

📋 Found 2 active stocks to scrape


📊 Scraping 544172 - Indegene Ltd...

📊 Scraping 532215 - AXIS Bank Ltd...
  Found 50 announcements
  💾 Saved 0 new announcements
  Found 36 announcements
  💾 Saved 0 new announcements

✅ Scraping completed in 10.36 seconds!
⚡ Average: 5.18s per stock

================================================================================
⏰ Scheduled run at 2025-10-12 02:56:29
================================================================================

🚀 Starting parallel scraper...

📋 Found 2 active stocks to scrape


📊 Scraping 544172 - Indegene Ltd...
📊 Scraping 532215 - AXIS Bank Ltd...

  Found 36 announcements
  Found 50 announcements
  💾 Saved 0 new announcements
  💾 Saved 0 new announcements

✅ Scraping completed in 10.49 seconds!
⚡ Average: 5.24s per stock

================================================================================
⏰ Scheduled run at 2025-10-12 03:13:20
================================================================================

🚀 Starting parallel scraper...

📋 Found 2 active stocks to scrape


📊 Scraping 544172 - Indegene Ltd...

📊 Scraping 532215 - AXIS Bank Ltd...
  ✗ Error: 500
  ✗ Error: 500

✅ Scraping completed in 6.57 seconds!
⚡ Average: 3.28s per stock

================================================================================
⏰ Scheduled run at 2025-10-12 03:29:31
================================================================================

🚀 Starting parallel scraper...

📋 Found 2 active stocks to scrape


📊 Scraping 544172 - Indegene Ltd...

📊 Scraping 532215 - AXIS Bank Ltd...
  Found 36 announcements
  Found 50 announcements
  💾 Saved 0 new announcements
  💾 Saved 0 new announcements

✅ Scraping completed in 7.96 seconds!
⚡ Average: 3.98s per stock

================================================================================
⏰ Scheduled run at 2025-10-12 03:30:39
================================================================================

🚀 Starting parallel scraper...

📋 Found 2 active stocks to scrape


📊 Scraping 544172 - Indegene Ltd...

📊 Scraping 532215 - AXIS Bank Ltd...
  Found 36 announcements
  Found 50 announcements
  💾 Saved 0 new announcements
  💾 Saved 0 new announcements

✅ Scraping completed in 11.00 seconds!
⚡ Average: 5.50s per stock

================================================================================
⏰ Scheduled run at 2025-10-12 03:31:51
================================================================================

🚀 Starting parallel scraper...

📋 Found 2 active stocks to scrape


📊 Scraping 544172 - Indegene Ltd...

📊 Scraping 532215 - AXIS Bank Ltd...
  Found 36 announcements
  Found 50 announcements
  💾 Saved 0 new announcements
  💾 Saved 0 new announcements

✅ Scraping completed in 11.50 seconds!
⚡ Average: 5.75s per stock

================================================================================
⏰ Scheduled run at 2025-10-12 03:33:03
================================================================================

🚀 Starting parallel scraper...

📋 Found 2 active stocks to scrape


📊 Scraping 544172 - Indegene Ltd...

📊 Scraping 532215 - AXIS Bank Ltd...
  Found 50 announcements
  Found 36 announcements
  💾 Saved 0 new announcements
  💾 Saved 0 new announcements

✅ Scraping completed in 11.01 seconds!
⚡ Average: 5.50s per stock

================================================================================
⏰ Scheduled run at 2025-10-12 03:34:14
================================================================================

🚀 Starting parallel scraper...

📋 Found 2 active stocks to scrape


📊 Scraping 544172 - Indegene Ltd...

📊 Scraping 532215 - AXIS Bank Ltd...
  Found 36 announcements
  Found 50 announcements
  💾 Saved 0 new announcements
  💾 Saved 0 new announcements

✅ Scraping completed in 10.48 seconds!
⚡ Average: 5.24s per stock

================================================================================
⏰ Scheduled run at 2025-10-12 03:35:25
================================================================================

🚀 Starting parallel scraper...

📋 Found 2 active stocks to scrape


📊 Scraping 544172 - Indegene Ltd...

📊 Scraping 532215 - AXIS Bank Ltd...
  Found 36 announcements
  Found 50 announcements
  💾 Saved 0 new announcements
  💾 Saved 0 new announcements

✅ Scraping completed in 939.41 seconds!
⚡ Average: 469.70s per stock

================================================================================
⏰ Scheduled run at 2025-10-12 03:52:05
================================================================================

🚀 Starting parallel scraper...

📋 Found 2 active stocks to scrape


📊 Scraping 544172 - Indegene Ltd...

📊 Scraping 532215 - AXIS Bank Ltd...
  Found 36 announcements
  Found 50 announcements
  💾 Saved 0 new announcements
  💾 Saved 0 new announcements

✅ Scraping completed in 11.51 seconds!
⚡ Average: 5.76s per stock

================================================================================
⏰ Scheduled run at 2025-10-12 03:53:17
================================================================================

🚀 Starting parallel scraper...

📋 Found 2 active stocks to scrape


📊 Scraping 544172 - Indegene Ltd...

📊 Scraping 532215 - AXIS Bank Ltd...
  Found 36 announcements
  Found 50 announcements
  💾 Saved 0 new announcements
  💾 Saved 0 new announcements

✅ Scraping completed in 11.00 seconds!
⚡ Average: 5.50s per stock

================================================================================
⏰ Scheduled run at 2025-10-12 03:54:28
================================================================================

🚀 Starting parallel scraper...

📋 Found 2 active stocks to scrape


📊 Scraping 544172 - Indegene Ltd...

📊 Scraping 532215 - AXIS Bank Ltd...
  Found 50 announcements
  💾 Saved 0 new announcements
  Found 36 announcements
  💾 Saved 0 new announcements

✅ Scraping completed in 10.90 seconds!
⚡ Average: 5.45s per stock

================================================================================
⏰ Scheduled run at 2025-10-12 03:55:39
================================================================================

🚀 Starting parallel scraper...

📋 Found 2 active stocks to scrape


📊 Scraping 544172 - Indegene Ltd...

📊 Scraping 532215 - AXIS Bank Ltd...
  Found 36 announcements
  💾 Saved 0 new announcements
  Found 50 announcements
  💾 Saved 0 new announcements

✅ Scraping completed in 10.42 seconds!
⚡ Average: 5.21s per stock

================================================================================
⏰ Scheduled run at 2025-10-12 03:56:50
================================================================================

🚀 Starting parallel scraper...

📋 Found 2 active stocks to scrape


📊 Scraping 544172 - Indegene Ltd...

📊 Scraping 532215 - AXIS Bank Ltd...
  Found 36 announcements
  Found 50 announcements
  💾 Saved 0 new announcements
  💾 Saved 0 new announcements

✅ Scraping completed in 10.47 seconds!
⚡ Average: 5.24s per stock

================================================================================
⏰ Scheduled run at 2025-10-12 03:58:01
================================================================================

🚀 Starting parallel scraper...

📋 Found 2 active stocks to scrape


📊 Scraping 544172 - Indegene Ltd...

📊 Scraping 532215 - AXIS Bank Ltd...
  Found 36 announcements
  Found 50 announcements
  💾 Saved 0 new announcements
  💾 Saved 0 new announcements

✅ Scraping completed in 11.03 seconds!
⚡ Average: 5.51s per stock

================================================================================
⏰ Scheduled run at 2025-10-12 03:59:12
================================================================================

🚀 Starting parallel scraper...

📋 Found 2 active stocks to scrape


📊 Scraping 544172 - Indegene Ltd...

📊 Scraping 532215 - AXIS Bank Ltd...
  Found 36 announcements
  💾 Saved 0 new announcements
  Found 50 announcements
  💾 Saved 0 new announcements

✅ Scraping completed in 10.98 seconds!
⚡ Average: 5.49s per stock

================================================================================
⏰ Scheduled run at 2025-10-12 04:00:24
================================================================================

🚀 Starting parallel scraper...

📋 Found 2 active stocks to scrape


📊 Scraping 544172 - Indegene Ltd...

📊 Scraping 532215 - AXIS Bank Ltd...
  Found 36 announcements
  Found 50 announcements
  💾 Saved 0 new announcements
  💾 Saved 0 new announcements

✅ Scraping completed in 11.04 seconds!
⚡ Average: 5.52s per stock

================================================================================
⏰ Scheduled run at 2025-10-12 04:01:35
================================================================================

🚀 Starting parallel scraper...

📋 Found 2 active stocks to scrape


📊 Scraping 544172 - Indegene Ltd...

📊 Scraping 532215 - AXIS Bank Ltd...
  Found 50 announcements
  💾 Saved 0 new announcements
  Found 36 announcements
  💾 Saved 0 new announcements

✅ Scraping completed in 10.89 seconds!
⚡ Average: 5.44s per stock

================================================================================
⏰ Scheduled run at 2025-10-12 04:02:46
================================================================================

🚀 Starting parallel scraper...

📋 Found 2 active stocks to scrape


📊 Scraping 544172 - Indegene Ltd...

📊 Scraping 532215 - AXIS Bank Ltd...
  Found 36 announcements
  Found 50 announcements
  💾 Saved 0 new announcements
  💾 Saved 0 new announcements

✅ Scraping completed in 10.00 seconds!
⚡ Average: 5.00s per stock

================================================================================
⏰ Scheduled run at 2025-10-12 04:03:57
================================================================================

🚀 Starting parallel scraper...

📋 Found 2 active stocks to scrape


📊 Scraping 544172 - Indegene Ltd...

📊 Scraping 532215 - AXIS Bank Ltd...
  Found 36 announcements
  Found 50 announcements
  💾 Saved 0 new announcements
  💾 Saved 0 new announcements

✅ Scraping completed in 11.01 seconds!
⚡ Average: 5.51s per stock

================================================================================
⏰ Scheduled run at 2025-10-12 04:05:08
================================================================================

🚀 Starting parallel scraper...

📋 Found 2 active stocks to scrape


📊 Scraping 544172 - Indegene Ltd...

📊 Scraping 532215 - AXIS Bank Ltd...
  Found 36 announcements
  Found 50 announcements
  💾 Saved 0 new announcements
  💾 Saved 0 new announcements

✅ Scraping completed in 11.07 seconds!
⚡ Average: 5.54s per stock

================================================================================
⏰ Scheduled run at 2025-10-12 04:06:20
================================================================================

🚀 Starting parallel scraper...

📋 Found 2 active stocks to scrape


📊 Scraping 544172 - Indegene Ltd...

📊 Scraping 532215 - AXIS Bank Ltd...
  Found 36 announcements
  Found 50 announcements
  💾 Saved 0 new announcements
  💾 Saved 0 new announcements

✅ Scraping completed in 11.03 seconds!
⚡ Average: 5.52s per stock

================================================================================
⏰ Scheduled run at 2025-10-12 04:07:31
================================================================================

🚀 Starting parallel scraper...

📋 Found 2 active stocks to scrape


📊 Scraping 544172 - Indegene Ltd...

📊 Scraping 532215 - AXIS Bank Ltd...
  Found 50 announcements
  💾 Saved 0 new announcements
  Found 36 announcements
  💾 Saved 0 new announcements

✅ Scraping completed in 10.89 seconds!
⚡ Average: 5.45s per stock

================================================================================
⏰ Scheduled run at 2025-10-12 04:08:42
================================================================================

🚀 Starting parallel scraper...

📋 Found 2 active stocks to scrape


📊 Scraping 544172 - Indegene Ltd...

📊 Scraping 532215 - AXIS Bank Ltd...
  Found 36 announcements
  Found 50 announcements
  💾 Saved 0 new announcements
  💾 Saved 0 new announcements

✅ Scraping completed in 9.93 seconds!
⚡ Average: 4.97s per stock

================================================================================
⏰ Scheduled run at 2025-10-12 04:09:53
================================================================================

🚀 Starting parallel scraper...

📋 Found 2 active stocks to scrape


📊 Scraping 544172 - Indegene Ltd...

📊 Scraping 532215 - AXIS Bank Ltd...
  Found 36 announcements
  Found 50 announcements
  💾 Saved 0 new announcements
  💾 Saved 0 new announcements

✅ Scraping completed in 11.48 seconds!
⚡ Average: 5.74s per stock

================================================================================
⏰ Scheduled run at 2025-10-12 04:11:05
================================================================================

🚀 Starting parallel scraper...

📋 Found 2 active stocks to scrape


📊 Scraping 544172 - Indegene Ltd...

📊 Scraping 532215 - AXIS Bank Ltd...
  Found 50 announcements
  💾 Saved 0 new announcements
  Found 36 announcements
  💾 Saved 0 new announcements

✅ Scraping completed in 10.85 seconds!
⚡ Average: 5.43s per stock

================================================================================
⏰ Scheduled run at 2025-10-12 04:12:16
================================================================================

🚀 Starting parallel scraper...

📋 Found 2 active stocks to scrape


📊 Scraping 544172 - Indegene Ltd...

📊 Scraping 532215 - AXIS Bank Ltd...
  Found 36 announcements
  Found 50 announcements
  💾 Saved 0 new announcements
  💾 Saved 0 new announcements

✅ Scraping completed in 10.95 seconds!
⚡ Average: 5.48s per stock

================================================================================
⏰ Scheduled run at 2025-10-12 04:13:27
================================================================================

🚀 Starting parallel scraper...

📋 Found 2 active stocks to scrape


📊 Scraping 544172 - Indegene Ltd...

📊 Scraping 532215 - AXIS Bank Ltd...
  Found 36 announcements
  Found 50 announcements
  💾 Saved 0 new announcements
  💾 Saved 0 new announcements

✅ Scraping completed in 10.97 seconds!
⚡ Average: 5.49s per stock

================================================================================
⏰ Scheduled run at 2025-10-12 04:14:39
================================================================================

🚀 Starting parallel scraper...

📋 Found 2 active stocks to scrape


📊 Scraping 544172 - Indegene Ltd...

📊 Scraping 532215 - AXIS Bank Ltd...
  Found 36 announcements
  💾 Saved 0 new announcements
  Found 50 announcements
  💾 Saved 0 new announcements

✅ Scraping completed in 10.94 seconds!
⚡ Average: 5.47s per stock

================================================================================
⏰ Scheduled run at 2025-10-12 04:15:50
================================================================================

🚀 Starting parallel scraper...

📋 Found 2 active stocks to scrape


📊 Scraping 544172 - Indegene Ltd...

📊 Scraping 532215 - AXIS Bank Ltd...
  Found 36 announcements
  Found 50 announcements
  💾 Saved 0 new announcements
  💾 Saved 0 new announcements

✅ Scraping completed in 10.02 seconds!
⚡ Average: 5.01s per stock

================================================================================
⏰ Scheduled run at 2025-10-12 04:17:00
================================================================================

🚀 Starting parallel scraper...

📋 Found 2 active stocks to scrape


📊 Scraping 544172 - Indegene Ltd...

📊 Scraping 532215 - AXIS Bank Ltd...
  Found 36 announcements
  💾 Saved 0 new announcements
  Found 50 announcements
  💾 Saved 0 new announcements

✅ Scraping completed in 10.97 seconds!
⚡ Average: 5.49s per stock

================================================================================
⏰ Scheduled run at 2025-10-12 04:18:12
================================================================================

🚀 Starting parallel scraper...

📋 Found 2 active stocks to scrape


📊 Scraping 544172 - Indegene Ltd...

📊 Scraping 532215 - AXIS Bank Ltd...
  Found 50 announcements
  💾 Saved 0 new announcements
  Found 36 announcements
  💾 Saved 0 new announcements

✅ Scraping completed in 10.34 seconds!
⚡ Average: 5.17s per stock

================================================================================
⏰ Scheduled run at 2025-10-12 04:19:22
================================================================================

🚀 Starting parallel scraper...

📋 Found 2 active stocks to scrape


📊 Scraping 544172 - Indegene Ltd...

📊 Scraping 532215 - AXIS Bank Ltd...
  Found 36 announcements
  Found 50 announcements
  💾 Saved 0 new announcements
  💾 Saved 0 new announcements

✅ Scraping completed in 10.50 seconds!
⚡ Average: 5.25s per stock

================================================================================
⏰ Scheduled run at 2025-10-12 04:20:33
================================================================================

🚀 Starting parallel scraper...

📋 Found 2 active stocks to scrape


📊 Scraping 544172 - Indegene Ltd...

📊 Scraping 532215 - AXIS Bank Ltd...
  Found 36 announcements
  Found 50 announcements
  💾 Saved 0 new announcements
  💾 Saved 0 new announcements

✅ Scraping completed in 11.01 seconds!
⚡ Average: 5.51s per stock

================================================================================
⏰ Scheduled run at 2025-10-12 04:21:45
================================================================================

🚀 Starting parallel scraper...

📋 Found 2 active stocks to scrape


📊 Scraping 544172 - Indegene Ltd...

📊 Scraping 532215 - AXIS Bank Ltd...
  Found 36 announcements
  Found 50 announcements
  💾 Saved 0 new announcements
  💾 Saved 0 new announcements

✅ Scraping completed in 10.99 seconds!
⚡ Average: 5.49s per stock

================================================================================
⏰ Scheduled run at 2025-10-12 04:22:56
================================================================================

🚀 Starting parallel scraper...

📋 Found 2 active stocks to scrape


📊 Scraping 544172 - Indegene Ltd...

📊 Scraping 532215 - AXIS Bank Ltd...
  Found 36 announcements
  Found 50 announcements
  💾 Saved 0 new announcements
  💾 Saved 0 new announcements

✅ Scraping completed in 10.52 seconds!
⚡ Average: 5.26s per stock

================================================================================
⏰ Scheduled run at 2025-10-12 04:24:07
================================================================================

🚀 Starting parallel scraper...

📋 Found 2 active stocks to scrape


📊 Scraping 544172 - Indegene Ltd...

📊 Scraping 532215 - AXIS Bank Ltd...
  Found 50 announcements
  💾 Saved 0 new announcements
  Found 36 announcements
  💾 Saved 0 new announcements

✅ Scraping completed in 10.88 seconds!
⚡ Average: 5.44s per stock

================================================================================
⏰ Scheduled run at 2025-10-12 04:25:18
================================================================================

🚀 Starting parallel scraper...

📋 Found 2 active stocks to scrape


📊 Scraping 544172 - Indegene Ltd...

📊 Scraping 532215 - AXIS Bank Ltd...
  Found 36 announcements
  Found 50 announcements
  💾 Saved 0 new announcements
  💾 Saved 0 new announcements

✅ Scraping completed in 10.50 seconds!
⚡ Average: 5.25s per stock

================================================================================
⏰ Scheduled run at 2025-10-12 04:26:29
================================================================================

🚀 Starting parallel scraper...

📋 Found 2 active stocks to scrape


📊 Scraping 544172 - Indegene Ltd...

📊 Scraping 532215 - AXIS Bank Ltd...
  Found 36 announcements
  Found 50 announcements
  💾 Saved 0 new announcements
  💾 Saved 0 new announcements

✅ Scraping completed in 10.95 seconds!
⚡ Average: 5.48s per stock

================================================================================
⏰ Scheduled run at 2025-10-12 04:27:40
================================================================================

🚀 Starting parallel scraper...

📋 Found 2 active stocks to scrape


📊 Scraping 544172 - Indegene Ltd...

📊 Scraping 532215 - AXIS Bank Ltd...
  Found 36 announcements
  Found 50 announcements
  💾 Saved 0 new announcements
  💾 Saved 0 new announcements

✅ Scraping completed in 11.04 seconds!
⚡ Average: 5.52s per stock

================================================================================
⏰ Scheduled run at 2025-10-12 04:28:52
================================================================================

🚀 Starting parallel scraper...

📋 Found 2 active stocks to scrape


📊 Scraping 544172 - Indegene Ltd...

📊 Scraping 532215 - AXIS Bank Ltd...
  Found 36 announcements
  Found 50 announcements
  💾 Saved 0 new announcements
  💾 Saved 0 new announcements

✅ Scraping completed in 10.99 seconds!
⚡ Average: 5.50s per stock

================================================================================
⏰ Scheduled run at 2025-10-12 04:30:03
================================================================================

🚀 Starting parallel scraper...

📋 Found 2 active stocks to scrape


📊 Scraping 544172 - Indegene Ltd...

📊 Scraping 532215 - AXIS Bank Ltd...
  Found 50 announcements
  💾 Saved 0 new announcements
  Found 36 announcements
  💾 Saved 0 new announcements

✅ Scraping completed in 10.88 seconds!
⚡ Average: 5.44s per stock

================================================================================
⏰ Scheduled run at 2025-10-12 04:31:14
================================================================================

🚀 Starting parallel scraper...

📋 Found 2 active stocks to scrape


📊 Scraping 544172 - Indegene Ltd...

📊 Scraping 532215 - AXIS Bank Ltd...
  Found 50 announcements
  💾 Saved 0 new announcements
  Found 36 announcements
  💾 Saved 0 new announcements

✅ Scraping completed in 10.84 seconds!
⚡ Average: 5.42s per stock

================================================================================
⏰ Scheduled run at 2025-10-12 04:32:26
================================================================================

🚀 Starting parallel scraper...

📋 Found 2 active stocks to scrape


📊 Scraping 544172 - Indegene Ltd...

📊 Scraping 532215 - AXIS Bank Ltd...
  Found 36 announcements
  Found 50 announcements
  💾 Saved 0 new announcements
  💾 Saved 0 new announcements

✅ Scraping completed in 10.50 seconds!
⚡ Average: 5.25s per stock

================================================================================
⏰ Scheduled run at 2025-10-12 04:33:37
================================================================================

🚀 Starting parallel scraper...

📋 Found 2 active stocks to scrape


📊 Scraping 544172 - Indegene Ltd...

📊 Scraping 532215 - AXIS Bank Ltd...
  Found 36 announcements
  Found 50 announcements
  💾 Saved 0 new announcements
  💾 Saved 0 new announcements

✅ Scraping completed in 10.99 seconds!
⚡ Average: 5.50s per stock

================================================================================
⏰ Scheduled run at 2025-10-12 04:34:48
================================================================================

🚀 Starting parallel scraper...

📋 Found 2 active stocks to scrape


📊 Scraping 544172 - Indegene Ltd...

📊 Scraping 532215 - AXIS Bank Ltd...
  Found 36 announcements
  Found 50 announcements
  💾 Saved 0 new announcements
  💾 Saved 0 new announcements

✅ Scraping completed in 11.03 seconds!
⚡ Average: 5.51s per stock

================================================================================
⏰ Scheduled run at 2025-10-12 04:35:59
================================================================================

🚀 Starting parallel scraper...

📋 Found 2 active stocks to scrape


📊 Scraping 544172 - Indegene Ltd...

📊 Scraping 532215 - AXIS Bank Ltd...
  Found 36 announcements
  💾 Saved 0 new announcements
  Found 50 announcements
  💾 Saved 0 new announcements

✅ Scraping completed in 10.99 seconds!
⚡ Average: 5.50s per stock

================================================================================
⏰ Scheduled run at 2025-10-12 04:37:11
================================================================================

🚀 Starting parallel scraper...

📋 Found 2 active stocks to scrape


📊 Scraping 544172 - Indegene Ltd...

📊 Scraping 532215 - AXIS Bank Ltd...
  Found 36 announcements
  Found 50 announcements
  💾 Saved 0 new announcements
  💾 Saved 0 new announcements

✅ Scraping completed in 9.97 seconds!
⚡ Average: 4.99s per stock

================================================================================
⏰ Scheduled run at 2025-10-12 04:38:21
================================================================================

🚀 Starting parallel scraper...

📋 Found 2 active stocks to scrape


📊 Scraping 544172 - Indegene Ltd...

📊 Scraping 532215 - AXIS Bank Ltd...
  Found 50 announcements
  Found 36 announcements
  💾 Saved 0 new announcements
  💾 Saved 0 new announcements

✅ Scraping completed in 10.96 seconds!
⚡ Average: 5.48s per stock

================================================================================
⏰ Scheduled run at 2025-10-12 04:39:33
================================================================================

🚀 Starting parallel scraper...

📋 Found 2 active stocks to scrape


📊 Scraping 544172 - Indegene Ltd...

📊 Scraping 532215 - AXIS Bank Ltd...
  Found 50 announcements
  Found 36 announcements
  💾 Saved 0 new announcements
  💾 Saved 0 new announcements

✅ Scraping completed in 11.49 seconds!
⚡ Average: 5.75s per stock

================================================================================
⏰ Scheduled run at 2025-10-12 04:40:44
================================================================================

🚀 Starting parallel scraper...

📋 Found 2 active stocks to scrape


📊 Scraping 544172 - Indegene Ltd...

📊 Scraping 532215 - AXIS Bank Ltd...
  Found 36 announcements
  Found 50 announcements
  💾 Saved 0 new announcements
  💾 Saved 0 new announcements

✅ Scraping completed in 10.97 seconds!
⚡ Average: 5.49s per stock

================================================================================
⏰ Scheduled run at 2025-10-12 04:41:56
================================================================================

🚀 Starting parallel scraper...

📋 Found 2 active stocks to scrape


📊 Scraping 544172 - Indegene Ltd...

📊 Scraping 532215 - AXIS Bank Ltd...
  Found 36 announcements
  Found 50 announcements
  💾 Saved 0 new announcements
  💾 Saved 0 new announcements

✅ Scraping completed in 10.47 seconds!
⚡ Average: 5.24s per stock

================================================================================
⏰ Scheduled run at 2025-10-12 04:43:07
================================================================================

🚀 Starting parallel scraper...

📋 Found 2 active stocks to scrape


📊 Scraping 544172 - Indegene Ltd...

📊 Scraping 532215 - AXIS Bank Ltd...
  Found 36 announcements
  💾 Saved 0 new announcements
  Found 50 announcements
  💾 Saved 0 new announcements

✅ Scraping completed in 10.98 seconds!
⚡ Average: 5.49s per stock

================================================================================
⏰ Scheduled run at 2025-10-12 04:44:18
================================================================================

🚀 Starting parallel scraper...

📋 Found 2 active stocks to scrape


📊 Scraping 544172 - Indegene Ltd...

📊 Scraping 532215 - AXIS Bank Ltd...
  Found 36 announcements
  Found 50 announcements
  💾 Saved 0 new announcements
  💾 Saved 0 new announcements

✅ Scraping completed in 10.52 seconds!
⚡ Average: 5.26s per stock

================================================================================
⏰ Scheduled run at 2025-10-12 04:45:29
================================================================================

🚀 Starting parallel scraper...

📋 Found 2 active stocks to scrape


📊 Scraping 544172 - Indegene Ltd...

📊 Scraping 532215 - AXIS Bank Ltd...
  Found 36 announcements
  💾 Saved 0 new announcements
  Found 50 announcements
  💾 Saved 0 new announcements

✅ Scraping completed in 10.98 seconds!
⚡ Average: 5.49s per stock

================================================================================
⏰ Scheduled run at 2025-10-12 04:46:40
================================================================================

🚀 Starting parallel scraper...

📋 Found 2 active stocks to scrape


📊 Scraping 544172 - Indegene Ltd...

📊 Scraping 532215 - AXIS Bank Ltd...
  Found 50 announcements
  💾 Saved 0 new announcements
  Found 36 announcements
  💾 Saved 0 new announcements

✅ Scraping completed in 10.37 seconds!
⚡ Average: 5.18s per stock

================================================================================
⏰ Scheduled run at 2025-10-12 04:47:51
================================================================================

🚀 Starting parallel scraper...

📋 Found 2 active stocks to scrape


📊 Scraping 544172 - Indegene Ltd...

📊 Scraping 532215 - AXIS Bank Ltd...
  Found 50 announcements
  💾 Saved 0 new announcements
  Found 36 announcements
  💾 Saved 0 new announcements

✅ Scraping completed in 10.34 seconds!
⚡ Average: 5.17s per stock

================================================================================
⏰ Scheduled run at 2025-10-12 04:49:02
================================================================================

🚀 Starting parallel scraper...

📋 Found 2 active stocks to scrape


📊 Scraping 544172 - Indegene Ltd...

📊 Scraping 532215 - AXIS Bank Ltd...
  Found 36 announcements
  Found 50 announcements
  💾 Saved 0 new announcements
  💾 Saved 0 new announcements

✅ Scraping completed in 11.02 seconds!
⚡ Average: 5.51s per stock

================================================================================
⏰ Scheduled run at 2025-10-12 04:50:13
================================================================================

🚀 Starting parallel scraper...

📋 Found 2 active stocks to scrape


📊 Scraping 544172 - Indegene Ltd...

📊 Scraping 532215 - AXIS Bank Ltd...
  Found 50 announcements
  💾 Saved 0 new announcements
  Found 36 announcements
  💾 Saved 0 new announcements

✅ Scraping completed in 10.87 seconds!
⚡ Average: 5.44s per stock

================================================================================
⏰ Scheduled run at 2025-10-12 04:51:24
================================================================================

🚀 Starting parallel scraper...

📋 Found 2 active stocks to scrape


📊 Scraping 544172 - Indegene Ltd...

📊 Scraping 532215 - AXIS Bank Ltd...
  Found 36 announcements
  Found 50 announcements
  💾 Saved 0 new announcements
  💾 Saved 0 new announcements

✅ Scraping completed in 10.51 seconds!
⚡ Average: 5.26s per stock

================================================================================
⏰ Scheduled run at 2025-10-12 04:56:56
================================================================================

🚀 Starting parallel scraper...

📋 Found 2 active stocks to scrape


📊 Scraping 544172 - Indegene Ltd...

📊 Scraping 532215 - AXIS Bank Ltd...
  Found 36 announcements
  💾 Saved 0 new announcements
  Found 50 announcements
  💾 Saved 0 new announcements

✅ Scraping completed in 14.49 seconds!
⚡ Average: 7.24s per stock

================================================================================
⏰ Scheduled run at 2025-10-12 05:13:10
================================================================================

🚀 Starting parallel scraper...

📋 Found 2 active stocks to scrape


📊 Scraping 544172 - Indegene Ltd...

📊 Scraping 532215 - AXIS Bank Ltd...
  Found 36 announcements
  Found 50 announcements
  💾 Saved 0 new announcements
  💾 Saved 0 new announcementsTraceback (most recent call last):
  File "/Users/sphaneeshwar/Downloads/Project/CallsAnalyzer/backend/scheduler.py", line 13, in job
    run_scraper()
    ~~~~~~~~~~~^^
  File "/Users/sphaneeshwar/Downloads/Project/CallsAnalyzer/backend/scraper_parallel.py", line 9, in main
    stocks = get_active_stocks()
  File "/Users/sphaneeshwar/Downloads/Project/CallsAnalyzer/backend/scraper.py", line 51, in get_active_stocks
    conn = psycopg2.connect(**DB_CONFIG)
  File "/Users/sphaneeshwar/Downloads/Project/CallsAnalyzer/backend/venv/lib/python3.13/site-packages/psycopg2/__init__.py", line 122, in connect
    conn = _connect(dsn, connection_factory=connection_factory, **kwasync)
psycopg2.OperationalError: connection to server at "localhost" (100.64.1.25), port 5432 failed: server closed the connection unexpectedly
	This probably means the server terminated abnormally
	before or while processing the request.



✅ Scraping completed in 12.05 seconds!
⚡ Average: 6.03s per stock

================================================================================
⏰ Scheduled run at 2025-10-12 05:30:01
================================================================================

🚀 Starting parallel scraper...

📋 Found 2 active stocks to scrape


📊 Scraping 544172 - Indegene Ltd...

📊 Scraping 532215 - AXIS Bank Ltd...
  Found 36 announcements
  Found 50 announcements
  ✗ Exception: connection to server at "localhost" (100.64.1.24), port 5432 failed: server closed the connection unexpectedly
	This probably means the server terminated abnormally
	before or while processing the request.

  ✗ Exception: connection to server at "localhost" (100.64.1.24), port 5432 failed: server closed the connection unexpectedly
	This probably means the server terminated abnormally
	before or while processing the request.


✅ Scraping completed in 22.10 seconds!
⚡ Average: 11.05s per stock

================================================================================
⏰ Scheduled run at 2025-10-12 05:47:27
================================================================================

🚀 Starting parallel scraper...

📋 Found 2 active stocks to scrape


📊 Scraping 544172 - Indegene Ltd...

📊 Scraping 532215 - AXIS Bank Ltd...
  Found 33 announcements
  Found 50 announcements
  💾 Saved 0 new announcements
  💾 Saved 0 new announcements

✅ Scraping completed in 14.55 seconds!
⚡ Average: 7.28s per stock

================================================================================
⏰ Scheduled run at 2025-10-12 05:48:42
================================================================================

🚀 Starting parallel scraper...

✗ Scraper error: connection to server at "localhost" (100.64.1.25), port 5432 failed: server closed the connection unexpectedly
	This probably means the server terminated abnormally
	before or while processing the request.


================================================================================
⏰ Scheduled run at 2025-10-12 05:49:53
================================================================================

🚀 Starting parallel scraper...

📋 Found 2 active stocks to scrape


📊 Scraping 544172 - Indegene Ltd...

📊 Scraping 532215 - AXIS Bank Ltd...
  Found 33 announcements
  Found 50 announcements
  💾 Saved 0 new announcements
  💾 Saved 0 new announcements

✅ Scraping completed in 7.52 seconds!
⚡ Average: 3.76s per stock

================================================================================
⏰ Scheduled run at 2025-10-12 05:51:01
================================================================================

🚀 Starting parallel scraper...

📋 Found 2 active stocks to scrape


📊 Scraping 544172 - Indegene Ltd...

📊 Scraping 532215 - AXIS Bank Ltd...
  Found 33 announcements
  Found 50 announcements
  💾 Saved 0 new announcements
  💾 Saved 0 new announcements

✅ Scraping completed in 6.51 seconds!
⚡ Average: 3.26s per stock

================================================================================
⏰ Scheduled run at 2025-10-12 05:52:08
================================================================================

🚀 Starting parallel scraper...

📋 Found 2 active stocks to scrape


📊 Scraping 544172 - Indegene Ltd...

📊 Scraping 532215 - AXIS Bank Ltd...
  Found 33 announcements
  Found 50 announcements
  💾 Saved 0 new announcements
  💾 Saved 0 new announcements

✅ Scraping completed in 7.46 seconds!
⚡ Average: 3.73s per stock

================================================================================
⏰ Scheduled run at 2025-10-12 05:53:16
================================================================================

🚀 Starting parallel scraper...

📋 Found 2 active stocks to scrape


📊 Scraping 544172 - Indegene Ltd...

📊 Scraping 532215 - AXIS Bank Ltd...
  Found 50 announcements
  💾 Saved 0 new announcements
  Found 33 announcements
  💾 Saved 0 new announcements

✅ Scraping completed in 6.81 seconds!
⚡ Average: 3.40s per stock

================================================================================
⏰ Scheduled run at 2025-10-12 05:54:23
================================================================================

🚀 Starting parallel scraper...

📋 Found 2 active stocks to scrape


📊 Scraping 544172 - Indegene Ltd...

📊 Scraping 532215 - AXIS Bank Ltd...
  Found 33 announcements
  💾 Saved 0 new announcements
  Found 50 announcements
  💾 Saved 0 new announcements

✅ Scraping completed in 9.43 seconds!
⚡ Average: 4.71s per stock

================================================================================
⏰ Scheduled run at 2025-10-12 05:55:33
================================================================================

🚀 Starting parallel scraper...

📋 Found 2 active stocks to scrape


📊 Scraping 544172 - Indegene Ltd...

📊 Scraping 532215 - AXIS Bank Ltd...
  Found 33 announcements
  Found 50 announcements
  💾 Saved 0 new announcements
  💾 Saved 0 new announcements

✅ Scraping completed in 6.55 seconds!
⚡ Average: 3.28s per stock

================================================================================
⏰ Scheduled run at 2025-10-12 05:56:40
================================================================================

🚀 Starting parallel scraper...

📋 Found 2 active stocks to scrape


📊 Scraping 544172 - Indegene Ltd...

📊 Scraping 532215 - AXIS Bank Ltd...
  Found 33 announcements
  Found 50 announcements
  💾 Saved 0 new announcements
  💾 Saved 0 new announcements

✅ Scraping completed in 7.04 seconds!
⚡ Average: 3.52s per stock

================================================================================
⏰ Scheduled run at 2025-10-12 05:57:47
================================================================================

🚀 Starting parallel scraper...

📋 Found 2 active stocks to scrape


📊 Scraping 544172 - Indegene Ltd...

📊 Scraping 532215 - AXIS Bank Ltd...
  Found 33 announcements
  Found 50 announcements
  💾 Saved 0 new announcements
  💾 Saved 0 new announcements

✅ Scraping completed in 6.55 seconds!
⚡ Average: 3.28s per stock

================================================================================
⏰ Scheduled run at 2025-10-12 05:58:54
================================================================================

🚀 Starting parallel scraper...

📋 Found 2 active stocks to scrape


📊 Scraping 544172 - Indegene Ltd...

📊 Scraping 532215 - AXIS Bank Ltd...
  Found 33 announcements
  Found 50 announcements
  💾 Saved 0 new announcements
  💾 Saved 0 new announcements

✅ Scraping completed in 7.02 seconds!
⚡ Average: 3.51s per stock

================================================================================
⏰ Scheduled run at 2025-10-12 06:00:02
================================================================================

🚀 Starting parallel scraper...

📋 Found 2 active stocks to scrape


📊 Scraping 544172 - Indegene Ltd...

📊 Scraping 532215 - AXIS Bank Ltd...
  Found 33 announcements
  Found 50 announcements
  💾 Saved 0 new announcements
  💾 Saved 0 new announcements

✅ Scraping completed in 6.97 seconds!
⚡ Average: 3.49s per stock

================================================================================
⏰ Scheduled run at 2025-10-12 06:01:09
================================================================================

🚀 Starting parallel scraper...

📋 Found 2 active stocks to scrape


📊 Scraping 544172 - Indegene Ltd...

📊 Scraping 532215 - AXIS Bank Ltd...
  Found 33 announcements
  💾 Saved 0 new announcements
  Found 50 announcements
  💾 Saved 0 new announcements

✅ Scraping completed in 8.46 seconds!
⚡ Average: 4.23s per stock

================================================================================
⏰ Scheduled run at 2025-10-12 06:02:18
================================================================================

🚀 Starting parallel scraper...

📋 Found 2 active stocks to scrape


📊 Scraping 544172 - Indegene Ltd...

📊 Scraping 532215 - AXIS Bank Ltd...
  Found 50 announcements
  Found 33 announcements
  💾 Saved 0 new announcements
  💾 Saved 0 new announcements

✅ Scraping completed in 7.06 seconds!
⚡ Average: 3.53s per stock

================================================================================
⏰ Scheduled run at 2025-10-12 06:03:25
================================================================================

🚀 Starting parallel scraper...

📋 Found 2 active stocks to scrape


📊 Scraping 544172 - Indegene Ltd...

📊 Scraping 532215 - AXIS Bank Ltd...
  Found 33 announcements
  Found 50 announcements
  💾 Saved 0 new announcements
  💾 Saved 0 new announcements

✅ Scraping completed in 6.99 seconds!
⚡ Average: 3.49s per stock

================================================================================
⏰ Scheduled run at 2025-10-12 06:04:33
================================================================================

🚀 Starting parallel scraper...

📋 Found 2 active stocks to scrape


📊 Scraping 544172 - Indegene Ltd...

📊 Scraping 532215 - AXIS Bank Ltd...
  Found 33 announcements
  Found 50 announcements
  💾 Saved 0 new announcements
  💾 Saved 0 new announcements

✅ Scraping completed in 6.52 seconds!
⚡ Average: 3.26s per stock

================================================================================
⏰ Scheduled run at 2025-10-12 06:05:40
================================================================================

🚀 Starting parallel scraper...

📋 Found 2 active stocks to scrape


📊 Scraping 544172 - Indegene Ltd...

📊 Scraping 532215 - AXIS Bank Ltd...
  Found 33 announcements
  Found 50 announcements
  💾 Saved 0 new announcements
  💾 Saved 0 new announcements

✅ Scraping completed in 7.05 seconds!
⚡ Average: 3.52s per stock

================================================================================
⏰ Scheduled run at 2025-10-12 06:06:47
================================================================================

🚀 Starting parallel scraper...

📋 Found 2 active stocks to scrape


📊 Scraping 544172 - Indegene Ltd...

📊 Scraping 532215 - AXIS Bank Ltd...
  Found 33 announcements
  Found 50 announcements
  💾 Saved 0 new announcements
  💾 Saved 0 new announcements

✅ Scraping completed in 6.99 seconds!
⚡ Average: 3.49s per stock

================================================================================
⏰ Scheduled run at 2025-10-12 06:07:54
================================================================================

🚀 Starting parallel scraper...

📋 Found 2 active stocks to scrape


📊 Scraping 544172 - Indegene Ltd...

📊 Scraping 532215 - AXIS Bank Ltd...
  Found 50 announcements
  Found 33 announcements
  💾 Saved 0 new announcements
  💾 Saved 0 new announcements

✅ Scraping completed in 6.50 seconds!
⚡ Average: 3.25s per stock

================================================================================
⏰ Scheduled run at 2025-10-12 06:09:01
================================================================================

🚀 Starting parallel scraper...

📋 Found 2 active stocks to scrape


📊 Scraping 544172 - Indegene Ltd...

📊 Scraping 532215 - AXIS Bank Ltd...
  Found 50 announcements
  💾 Saved 0 new announcements
  Found 33 announcements
  💾 Saved 0 new announcements

✅ Scraping completed in 7.35 seconds!
⚡ Average: 3.67s per stock

================================================================================
⏰ Scheduled run at 2025-10-12 06:10:09
================================================================================

🚀 Starting parallel scraper...

📋 Found 2 active stocks to scrape


📊 Scraping 544172 - Indegene Ltd...

📊 Scraping 532215 - AXIS Bank Ltd...
  Found 33 announcements
  Found 50 announcements
  💾 Saved 0 new announcements
  💾 Saved 0 new announcements

✅ Scraping completed in 7.49 seconds!
⚡ Average: 3.75s per stock

================================================================================
⏰ Scheduled run at 2025-10-12 06:11:17
================================================================================

🚀 Starting parallel scraper...

📋 Found 2 active stocks to scrape


📊 Scraping 544172 - Indegene Ltd...

📊 Scraping 532215 - AXIS Bank Ltd...
  Found 33 announcements
  Found 50 announcements
  💾 Saved 0 new announcements
  💾 Saved 0 new announcements

✅ Scraping completed in 6.49 seconds!
⚡ Average: 3.25s per stock

================================================================================
⏰ Scheduled run at 2025-10-12 06:12:24
================================================================================

🚀 Starting parallel scraper...

📋 Found 2 active stocks to scrape


📊 Scraping 544172 - Indegene Ltd...

📊 Scraping 532215 - AXIS Bank Ltd...
  Found 33 announcements
  Found 50 announcements
  💾 Saved 0 new announcements
  💾 Saved 0 new announcements

✅ Scraping completed in 7.48 seconds!
⚡ Average: 3.74s per stock

================================================================================
⏰ Scheduled run at 2025-10-12 06:13:32
================================================================================

🚀 Starting parallel scraper...

📋 Found 2 active stocks to scrape


📊 Scraping 544172 - Indegene Ltd...

📊 Scraping 532215 - AXIS Bank Ltd...
  Found 33 announcements
  💾 Saved 0 new announcements
  Found 50 announcements
  💾 Saved 0 new announcements

✅ Scraping completed in 6.90 seconds!
⚡ Average: 3.45s per stock

================================================================================
⏰ Scheduled run at 2025-10-12 06:29:43
================================================================================

🚀 Starting parallel scraper...

📋 Found 2 active stocks to scrape


📊 Scraping 544172 - Indegene Ltd...

📊 Scraping 532215 - AXIS Bank Ltd...
  Found 33 announcements
  💾 Saved 0 new announcements
  Found 50 announcements
  💾 Saved 0 new announcements

✅ Scraping completed in 12.96 seconds!
⚡ Average: 6.48s per stock

================================================================================
⏰ Scheduled run at 2025-10-12 06:47:14
================================================================================

🚀 Starting parallel scraper...

📋 Found 2 active stocks to scrape


📊 Scraping 544172 - Indegene Ltd...

📊 Scraping 532215 - AXIS Bank Ltd...
  Found 33 announcements
  Found 50 announcements
  💾 Saved 0 new announcements
  💾 Saved 0 new announcements

✅ Scraping completed in 8.94 seconds!
⚡ Average: 4.47s per stock

================================================================================
⏰ Scheduled run at 2025-10-12 06:48:23
================================================================================

🚀 Starting parallel scraper...

📋 Found 2 active stocks to scrape


📊 Scraping 544172 - Indegene Ltd...

📊 Scraping 532215 - AXIS Bank Ltd...
  Found 33 announcements
  Found 50 announcements
  💾 Saved 0 new announcements
  💾 Saved 0 new announcements

✅ Scraping completed in 10.99 seconds!
⚡ Average: 5.50s per stock

================================================================================
⏰ Scheduled run at 2025-10-12 06:49:34
================================================================================

🚀 Starting parallel scraper...

📋 Found 2 active stocks to scrape


📊 Scraping 544172 - Indegene Ltd...

📊 Scraping 532215 - AXIS Bank Ltd...
  Found 33 announcements
  Found 50 announcements
  💾 Saved 0 new announcements
  💾 Saved 0 new announcements

✅ Scraping completed in 11.03 seconds!
⚡ Average: 5.52s per stock

================================================================================
⏰ Scheduled run at 2025-10-12 06:50:46
================================================================================

🚀 Starting parallel scraper...

📋 Found 2 active stocks to scrape


📊 Scraping 544172 - Indegene Ltd...

📊 Scraping 532215 - AXIS Bank Ltd...
  Found 33 announcements
  Found 50 announcements
  💾 Saved 0 new announcements
  💾 Saved 0 new announcements

✅ Scraping completed in 11.02 seconds!
⚡ Average: 5.51s per stock

================================================================================
⏰ Scheduled run at 2025-10-12 06:51:57
================================================================================

🚀 Starting parallel scraper...

📋 Found 2 active stocks to scrape


📊 Scraping 544172 - Indegene Ltd...

📊 Scraping 532215 - AXIS Bank Ltd...
  Found 33 announcements
  Found 50 announcements
  💾 Saved 0 new announcements
  💾 Saved 0 new announcements

✅ Scraping completed in 10.49 seconds!
⚡ Average: 5.24s per stock

================================================================================
⏰ Scheduled run at 2025-10-12 06:53:08
================================================================================

🚀 Starting parallel scraper...

📋 Found 2 active stocks to scrape


📊 Scraping 544172 - Indegene Ltd...

📊 Scraping 532215 - AXIS Bank Ltd...
  Found 50 announcements
  💾 Saved 0 new announcements
  Found 33 announcements
  💾 Saved 0 new announcements

✅ Scraping completed in 11.37 seconds!
⚡ Average: 5.68s per stock

================================================================================
⏰ Scheduled run at 2025-10-12 06:54:20
================================================================================

🚀 Starting parallel scraper...

📋 Found 2 active stocks to scrape


📊 Scraping 544172 - Indegene Ltd...

📊 Scraping 532215 - AXIS Bank Ltd...
  Found 33 announcements
  Found 50 announcements
  💾 Saved 0 new announcements
  💾 Saved 0 new announcements

✅ Scraping completed in 9.98 seconds!
⚡ Average: 4.99s per stock

================================================================================
⏰ Scheduled run at 2025-10-12 06:55:30
================================================================================

🚀 Starting parallel scraper...

📋 Found 2 active stocks to scrape


📊 Scraping 544172 - Indegene Ltd...

📊 Scraping 532215 - AXIS Bank Ltd...
  Found 33 announcements
  Found 50 announcements
  💾 Saved 0 new announcements
  💾 Saved 0 new announcements

✅ Scraping completed in 11.03 seconds!
⚡ Average: 5.51s per stock

================================================================================
⏰ Scheduled run at 2025-10-12 06:56:42
================================================================================

🚀 Starting parallel scraper...

📋 Found 2 active stocks to scrape


📊 Scraping 544172 - Indegene Ltd...

📊 Scraping 532215 - AXIS Bank Ltd...
  Found 33 announcements
  Found 50 announcements
  💾 Saved 0 new announcements
  💾 Saved 0 new announcements

✅ Scraping completed in 10.54 seconds!
⚡ Average: 5.27s per stock

================================================================================
⏰ Scheduled run at 2025-10-12 06:57:53
================================================================================

🚀 Starting parallel scraper...

📋 Found 2 active stocks to scrape


📊 Scraping 544172 - Indegene Ltd...

📊 Scraping 532215 - AXIS Bank Ltd...
  Found 33 announcements
  Found 50 announcements
  💾 Saved 0 new announcements
  💾 Saved 0 new announcements

✅ Scraping completed in 11.00 seconds!
⚡ Average: 5.50s per stock

================================================================================
⏰ Scheduled run at 2025-10-12 06:59:04
================================================================================

🚀 Starting parallel scraper...

📋 Found 2 active stocks to scrape


📊 Scraping 544172 - Indegene Ltd...

📊 Scraping 532215 - AXIS Bank Ltd...
  Found 33 announcements
  💾 Saved 0 new announcements
  Found 50 announcements
  💾 Saved 0 new announcements

✅ Scraping completed in 10.93 seconds!
⚡ Average: 5.47s per stock

================================================================================
⏰ Scheduled run at 2025-10-12 07:00:15
================================================================================

🚀 Starting parallel scraper...

📋 Found 2 active stocks to scrape


📊 Scraping 544172 - Indegene Ltd...

📊 Scraping 532215 - AXIS Bank Ltd...
  Found 33 announcements
  Found 50 announcements
  💾 Saved 0 new announcements
  💾 Saved 0 new announcements

✅ Scraping completed in 10.95 seconds!
⚡ Average: 5.47s per stock

================================================================================
⏰ Scheduled run at 2025-10-12 07:01:27
================================================================================

🚀 Starting parallel scraper...

📋 Found 2 active stocks to scrape


📊 Scraping 544172 - Indegene Ltd...

📊 Scraping 532215 - AXIS Bank Ltd...
  Found 33 announcements
  Found 50 announcements
  💾 Saved 0 new announcements
  💾 Saved 0 new announcements

✅ Scraping completed in 11.00 seconds!
⚡ Average: 5.50s per stock

================================================================================
⏰ Scheduled run at 2025-10-12 07:02:38
================================================================================

🚀 Starting parallel scraper...

📋 Found 2 active stocks to scrape


📊 Scraping 544172 - Indegene Ltd...

📊 Scraping 532215 - AXIS Bank Ltd...
  Found 50 announcements
  💾 Saved 0 new announcements
  Found 33 announcements
  💾 Saved 0 new announcements

✅ Scraping completed in 10.31 seconds!
⚡ Average: 5.15s per stock

================================================================================
⏰ Scheduled run at 2025-10-12 07:03:49
================================================================================

🚀 Starting parallel scraper...

📋 Found 2 active stocks to scrape


📊 Scraping 544172 - Indegene Ltd...

📊 Scraping 532215 - AXIS Bank Ltd...
  Found 33 announcements
  Found 50 announcements
  💾 Saved 0 new announcements
  💾 Saved 0 new announcements

✅ Scraping completed in 10.48 seconds!
⚡ Average: 5.24s per stock

================================================================================
⏰ Scheduled run at 2025-10-12 07:05:00
================================================================================

🚀 Starting parallel scraper...

📋 Found 2 active stocks to scrape


📊 Scraping 544172 - Indegene Ltd...

📊 Scraping 532215 - AXIS Bank Ltd...
  Found 50 announcements
  💾 Saved 0 new announcements
  Found 33 announcements
  💾 Saved 0 new announcements

✅ Scraping completed in 10.85 seconds!
⚡ Average: 5.43s per stock

================================================================================
⏰ Scheduled run at 2025-10-12 07:06:11
================================================================================

🚀 Starting parallel scraper...

📋 Found 2 active stocks to scrape


📊 Scraping 544172 - Indegene Ltd...

📊 Scraping 532215 - AXIS Bank Ltd...
  Found 33 announcements
  💾 Saved 0 new announcements
  Found 50 announcements
  💾 Saved 0 new announcements

✅ Scraping completed in 10.48 seconds!
⚡ Average: 5.24s per stock

================================================================================
⏰ Scheduled run at 2025-10-12 07:07:22
================================================================================

🚀 Starting parallel scraper...

📋 Found 2 active stocks to scrape


📊 Scraping 544172 - Indegene Ltd...

📊 Scraping 532215 - AXIS Bank Ltd...
  Found 33 announcements
  Found 50 announcements
  💾 Saved 0 new announcements
  💾 Saved 0 new announcements

✅ Scraping completed in 10.52 seconds!
⚡ Average: 5.26s per stock

================================================================================
⏰ Scheduled run at 2025-10-12 07:08:33
================================================================================

🚀 Starting parallel scraper...

📋 Found 2 active stocks to scrape


📊 Scraping 544172 - Indegene Ltd...

📊 Scraping 532215 - AXIS Bank Ltd...
  Found 33 announcements
  Found 50 announcements
  💾 Saved 0 new announcements
  💾 Saved 0 new announcements

✅ Scraping completed in 11.02 seconds!
⚡ Average: 5.51s per stock

================================================================================
⏰ Scheduled run at 2025-10-12 07:09:44
================================================================================

🚀 Starting parallel scraper...

📋 Found 2 active stocks to scrape


📊 Scraping 544172 - Indegene Ltd...

📊 Scraping 532215 - AXIS Bank Ltd...
  Found 50 announcements
  💾 Saved 0 new announcements
  Found 33 announcements
  💾 Saved 0 new announcements

✅ Scraping completed in 10.82 seconds!
⚡ Average: 5.41s per stock

================================================================================
⏰ Scheduled run at 2025-10-12 07:10:55
================================================================================

🚀 Starting parallel scraper...

📋 Found 2 active stocks to scrape


📊 Scraping 544172 - Indegene Ltd...

📊 Scraping 532215 - AXIS Bank Ltd...
  Found 33 announcements
  Found 50 announcements
  💾 Saved 0 new announcements
  💾 Saved 0 new announcements

✅ Scraping completed in 10.52 seconds!
⚡ Average: 5.26s per stock

================================================================================
⏰ Scheduled run at 2025-10-12 07:12:06
================================================================================

🚀 Starting parallel scraper...

📋 Found 2 active stocks to scrape


📊 Scraping 544172 - Indegene Ltd...

📊 Scraping 532215 - AXIS Bank Ltd...
  Found 33 announcements
  💾 Saved 0 new announcements
  Found 50 announcements
  💾 Saved 0 new announcements

✅ Scraping completed in 10.98 seconds!
⚡ Average: 5.49s per stock

================================================================================
⏰ Scheduled run at 2025-10-12 07:13:17
================================================================================

🚀 Starting parallel scraper...

📋 Found 2 active stocks to scrape


📊 Scraping 544172 - Indegene Ltd...

📊 Scraping 532215 - AXIS Bank Ltd...
  Found 33 announcements
  Found 50 announcements
  💾 Saved 0 new announcements
  💾 Saved 0 new announcements

✅ Scraping completed in 10.48 seconds!
⚡ Average: 5.24s per stock

================================================================================
⏰ Scheduled run at 2025-10-12 07:14:28
================================================================================

🚀 Starting parallel scraper...

📋 Found 2 active stocks to scrape


📊 Scraping 544172 - Indegene Ltd...

📊 Scraping 532215 - AXIS Bank Ltd...
  Found 33 announcements
  Found 50 announcements
  💾 Saved 0 new announcements
  💾 Saved 0 new announcements

✅ Scraping completed in 10.96 seconds!
⚡ Average: 5.48s per stock

================================================================================
⏰ Scheduled run at 2025-10-12 07:15:40
================================================================================

🚀 Starting parallel scraper...

📋 Found 2 active stocks to scrape


📊 Scraping 544172 - Indegene Ltd...

📊 Scraping 532215 - AXIS Bank Ltd...
  Found 33 announcements
  💾 Saved 0 new announcements
  Found 50 announcements
  💾 Saved 0 new announcements

✅ Scraping completed in 10.90 seconds!
⚡ Average: 5.45s per stock

================================================================================
⏰ Scheduled run at 2025-10-12 07:16:51
================================================================================

🚀 Starting parallel scraper...

📋 Found 2 active stocks to scrape


📊 Scraping 544172 - Indegene Ltd...

📊 Scraping 532215 - AXIS Bank Ltd...
  Found 33 announcements
  Found 50 announcements
  💾 Saved 0 new announcements
  💾 Saved 0 new announcements

✅ Scraping completed in 10.56 seconds!
⚡ Average: 5.28s per stock

================================================================================
⏰ Scheduled run at 2025-10-12 07:18:02
================================================================================

🚀 Starting parallel scraper...

📋 Found 2 active stocks to scrape


📊 Scraping 544172 - Indegene Ltd...

📊 Scraping 532215 - AXIS Bank Ltd...
  Found 50 announcements
  💾 Saved 0 new announcements
  Found 33 announcements
  💾 Saved 0 new announcements

✅ Scraping completed in 10.82 seconds!
⚡ Average: 5.41s per stock

================================================================================
⏰ Scheduled run at 2025-10-12 07:19:13
================================================================================

🚀 Starting parallel scraper...

📋 Found 2 active stocks to scrape


📊 Scraping 544172 - Indegene Ltd...

📊 Scraping 532215 - AXIS Bank Ltd...
  Found 33 announcements
  Found 50 announcements
  💾 Saved 0 new announcements
  💾 Saved 0 new announcements

✅ Scraping completed in 10.48 seconds!
⚡ Average: 5.24s per stock

================================================================================
⏰ Scheduled run at 2025-10-12 07:20:24
================================================================================

🚀 Starting parallel scraper...

📋 Found 2 active stocks to scrape


📊 Scraping 544172 - Indegene Ltd...

📊 Scraping 532215 - AXIS Bank Ltd...
  Found 33 announcements
  Found 50 announcements
  💾 Saved 0 new announcements
  💾 Saved 0 new announcements

✅ Scraping completed in 11.01 seconds!
⚡ Average: 5.51s per stock

================================================================================
⏰ Scheduled run at 2025-10-12 07:21:35
================================================================================

🚀 Starting parallel scraper...

📋 Found 2 active stocks to scrape


📊 Scraping 544172 - Indegene Ltd...

📊 Scraping 532215 - AXIS Bank Ltd...
  Found 50 announcements
  💾 Saved 0 new announcements
  Found 33 announcements
  💾 Saved 0 new announcements

✅ Scraping completed in 10.85 seconds!
⚡ Average: 5.43s per stock

================================================================================
⏰ Scheduled run at 2025-10-12 07:22:47
================================================================================

🚀 Starting parallel scraper...

📋 Found 2 active stocks to scrape


📊 Scraping 544172 - Indegene Ltd...

📊 Scraping 532215 - AXIS Bank Ltd...
  Found 33 announcements
  💾 Saved 0 new announcements
  Found 50 announcements
  💾 Saved 0 new announcements

✅ Scraping completed in 10.42 seconds!
⚡ Average: 5.21s per stock

================================================================================
⏰ Scheduled run at 2025-10-12 07:23:58
================================================================================

🚀 Starting parallel scraper...

📋 Found 2 active stocks to scrape


📊 Scraping 544172 - Indegene Ltd...

📊 Scraping 532215 - AXIS Bank Ltd...
  Found 33 announcements
  Found 50 announcements
  💾 Saved 0 new announcements
  💾 Saved 0 new announcements

✅ Scraping completed in 10.53 seconds!
⚡ Average: 5.26s per stock

================================================================================
⏰ Scheduled run at 2025-10-12 07:25:08
================================================================================

🚀 Starting parallel scraper...

📋 Found 2 active stocks to scrape


📊 Scraping 544172 - Indegene Ltd...

📊 Scraping 532215 - AXIS Bank Ltd...
  Found 50 announcements
  💾 Saved 0 new announcements
  Found 33 announcements
  💾 Saved 0 new announcements

✅ Scraping completed in 10.81 seconds!
⚡ Average: 5.41s per stock

================================================================================
⏰ Scheduled run at 2025-10-12 07:26:20
================================================================================

🚀 Starting parallel scraper...

📋 Found 2 active stocks to scrape


📊 Scraping 544172 - Indegene Ltd...
📊 Scraping 532215 - AXIS Bank Ltd...

  Found 50 announcements
  💾 Saved 0 new announcements
  Found 33 announcements
  💾 Saved 0 new announcements

✅ Scraping completed in 10.86 seconds!
⚡ Average: 5.43s per stock

================================================================================
⏰ Scheduled run at 2025-10-12 07:27:31
================================================================================

🚀 Starting parallel scraper...

📋 Found 2 active stocks to scrape


📊 Scraping 544172 - Indegene Ltd...

📊 Scraping 532215 - AXIS Bank Ltd...
  Found 50 announcements
  💾 Saved 0 new announcements
  Found 33 announcements
  💾 Saved 0 new announcements

✅ Scraping completed in 10.32 seconds!
⚡ Average: 5.16s per stock

================================================================================
⏰ Scheduled run at 2025-10-12 07:28:42
================================================================================

🚀 Starting parallel scraper...

📋 Found 2 active stocks to scrape


📊 Scraping 544172 - Indegene Ltd...

📊 Scraping 532215 - AXIS Bank Ltd...
  Found 50 announcements
  💾 Saved 0 new announcements
  Found 33 announcements
  💾 Saved 0 new announcements

✅ Scraping completed in 10.82 seconds!
⚡ Average: 5.41s per stock

================================================================================
⏰ Scheduled run at 2025-10-12 07:29:53
================================================================================

🚀 Starting parallel scraper...

📋 Found 2 active stocks to scrape


📊 Scraping 544172 - Indegene Ltd...

📊 Scraping 532215 - AXIS Bank Ltd...
  Found 33 announcements
  💾 Saved 0 new announcements
  Found 50 announcements
  💾 Saved 0 new announcements

✅ Scraping completed in 10.94 seconds!
⚡ Average: 5.47s per stock

================================================================================
⏰ Scheduled run at 2025-10-12 07:31:04
================================================================================

🚀 Starting parallel scraper...

📋 Found 2 active stocks to scrape


📊 Scraping 544172 - Indegene Ltd...

📊 Scraping 532215 - AXIS Bank Ltd...
  Found 33 announcements
  💾 Saved 0 new announcements
  Found 50 announcements
  💾 Saved 0 new announcements

✅ Scraping completed in 10.94 seconds!
⚡ Average: 5.47s per stock

================================================================================
⏰ Scheduled run at 2025-10-12 07:32:16
================================================================================

🚀 Starting parallel scraper...

📋 Found 2 active stocks to scrape


📊 Scraping 544172 - Indegene Ltd...

📊 Scraping 532215 - AXIS Bank Ltd...
  Found 33 announcements
  Found 50 announcements
  💾 Saved 0 new announcements
  💾 Saved 0 new announcements

✅ Scraping completed in 10.95 seconds!
⚡ Average: 5.47s per stock

================================================================================
⏰ Scheduled run at 2025-10-12 07:33:27
================================================================================

🚀 Starting parallel scraper...

📋 Found 2 active stocks to scrape


📊 Scraping 544172 - Indegene Ltd...

📊 Scraping 532215 - AXIS Bank Ltd...
  Found 33 announcements
  Found 50 announcements
  💾 Saved 0 new announcements
  💾 Saved 0 new announcements

✅ Scraping completed in 11.00 seconds!
⚡ Average: 5.50s per stock

================================================================================
⏰ Scheduled run at 2025-10-12 07:34:38
================================================================================

🚀 Starting parallel scraper...

📋 Found 2 active stocks to scrape


📊 Scraping 544172 - Indegene Ltd...

📊 Scraping 532215 - AXIS Bank Ltd...
  Found 33 announcements
  Found 50 announcements
  💾 Saved 0 new announcements
  💾 Saved 0 new announcements

✅ Scraping completed in 10.47 seconds!
⚡ Average: 5.23s per stock

================================================================================
⏰ Scheduled run at 2025-10-12 07:35:49
================================================================================

🚀 Starting parallel scraper...

📋 Found 2 active stocks to scrape


📊 Scraping 544172 - Indegene Ltd...

📊 Scraping 532215 - AXIS Bank Ltd...
  Found 50 announcements
  💾 Saved 0 new announcements
  Found 33 announcements
  💾 Saved 0 new announcements

✅ Scraping completed in 10.88 seconds!
⚡ Average: 5.44s per stock

================================================================================
⏰ Scheduled run at 2025-10-12 07:37:00
================================================================================

🚀 Starting parallel scraper...

📋 Found 2 active stocks to scrape


📊 Scraping 544172 - Indegene Ltd...

📊 Scraping 532215 - AXIS Bank Ltd...
  Found 33 announcements
  Found 50 announcements
  💾 Saved 0 new announcements
  💾 Saved 0 new announcements

✅ Scraping completed in 10.46 seconds!
⚡ Average: 5.23s per stock

================================================================================
⏰ Scheduled run at 2025-10-12 07:38:11
================================================================================

🚀 Starting parallel scraper...

📋 Found 2 active stocks to scrape


📊 Scraping 544172 - Indegene Ltd...

📊 Scraping 532215 - AXIS Bank Ltd...
  Found 33 announcements
  Found 50 announcements
  💾 Saved 0 new announcements
  💾 Saved 0 new announcements

✅ Scraping completed in 10.98 seconds!
⚡ Average: 5.49s per stock

================================================================================
⏰ Scheduled run at 2025-10-12 07:39:23
================================================================================

🚀 Starting parallel scraper...

📋 Found 2 active stocks to scrape


📊 Scraping 544172 - Indegene Ltd...

📊 Scraping 532215 - AXIS Bank Ltd...
  Found 33 announcements
  💾 Saved 0 new announcements
  Found 50 announcements
  💾 Saved 0 new announcements

✅ Scraping completed in 10.94 seconds!
⚡ Average: 5.47s per stock

================================================================================
⏰ Scheduled run at 2025-10-12 07:40:34
================================================================================

🚀 Starting parallel scraper...

📋 Found 2 active stocks to scrape


📊 Scraping 544172 - Indegene Ltd...

📊 Scraping 532215 - AXIS Bank Ltd...
  Found 33 announcements
  Found 50 announcements
  💾 Saved 0 new announcements
  💾 Saved 0 new announcements

✅ Scraping completed in 10.46 seconds!
⚡ Average: 5.23s per stock

================================================================================
⏰ Scheduled run at 2025-10-12 07:41:45
================================================================================

🚀 Starting parallel scraper...

📋 Found 2 active stocks to scrape


📊 Scraping 544172 - Indegene Ltd...

📊 Scraping 532215 - AXIS Bank Ltd...
  Found 50 announcements
  💾 Saved 0 new announcements
  Found 33 announcements
  💾 Saved 0 new announcements

✅ Scraping completed in 10.79 seconds!
⚡ Average: 5.40s per stock

================================================================================
⏰ Scheduled run at 2025-10-12 07:42:56
================================================================================

🚀 Starting parallel scraper...

📋 Found 2 active stocks to scrape


📊 Scraping 544172 - Indegene Ltd...

📊 Scraping 532215 - AXIS Bank Ltd...
  Found 33 announcements
  Found 50 announcements
  💾 Saved 0 new announcements
  💾 Saved 0 new announcements

✅ Scraping completed in 10.94 seconds!
⚡ Average: 5.47s per stock

================================================================================
⏰ Scheduled run at 2025-10-12 07:44:07
================================================================================

🚀 Starting parallel scraper...

📋 Found 2 active stocks to scrape


📊 Scraping 544172 - Indegene Ltd...

📊 Scraping 532215 - AXIS Bank Ltd...
  Found 33 announcements
  💾 Saved 0 new announcements
  Found 50 announcements
  💾 Saved 0 new announcements

✅ Scraping completed in 10.96 seconds!
⚡ Average: 5.48s per stock

================================================================================
⏰ Scheduled run at 2025-10-12 07:45:19
================================================================================

🚀 Starting parallel scraper...

📋 Found 2 active stocks to scrape


📊 Scraping 544172 - Indegene Ltd...

📊 Scraping 532215 - AXIS Bank Ltd...
  Found 33 announcements
  Found 50 announcements
  💾 Saved 0 new announcements
  💾 Saved 0 new announcements

✅ Scraping completed in 10.47 seconds!
⚡ Average: 5.23s per stock

================================================================================
⏰ Scheduled run at 2025-10-12 07:46:30
================================================================================

🚀 Starting parallel scraper...

📋 Found 2 active stocks to scrape


📊 Scraping 544172 - Indegene Ltd...

📊 Scraping 532215 - AXIS Bank Ltd...
  Found 50 announcements
  💾 Saved 0 new announcements
  Found 33 announcements
  💾 Saved 0 new announcements

✅ Scraping completed in 10.85 seconds!
⚡ Average: 5.43s per stock

================================================================================
⏰ Scheduled run at 2025-10-12 07:57:56
================================================================================

🚀 Starting parallel scraper...

📋 Found 2 active stocks to scrape


📊 Scraping 544172 - Indegene Ltd...

📊 Scraping 532215 - AXIS Bank Ltd...
  Found 33 announcements
  Found 50 announcements
  💾 Saved 0 new announcements
  💾 Saved 0 new announcements

✅ Scraping completed in 14.01 seconds!
⚡ Average: 7.00s per stock

================================================================================
⏰ Scheduled run at 2025-10-12 08:09:42
================================================================================

🚀 Starting parallel scraper...

📋 Found 2 active stocks to scrape


📊 Scraping 544172 - Indegene Ltd...

📊 Scraping 532215 - AXIS Bank Ltd...
  ✗ Error: 500
  ✗ Error: 500

✅ Scraping completed in 10.59 seconds!
⚡ Average: 5.29s per stock

================================================================================
⏰ Scheduled run at 2025-10-12 08:26:46
================================================================================

🚀 Starting parallel scraper...

📋 Found 2 active stocks to scrape


📊 Scraping 544172 - Indegene Ltd...

📊 Scraping 532215 - AXIS Bank Ltd...
  Found 33 announcements
  Found 50 announcements
  💾 Saved 0 new announcements
  💾 Saved 0 new announcements

✅ Scraping completed in 11.05 seconds!
⚡ Average: 5.52s per stock

================================================================================
⏰ Scheduled run at 2025-10-12 08:27:58
================================================================================

🚀 Starting parallel scraper...

📋 Found 2 active stocks to scrape


📊 Scraping 544172 - Indegene Ltd...

📊 Scraping 532215 - AXIS Bank Ltd...
  Found 33 announcements
  Found 50 announcements
  💾 Saved 0 new announcements
  💾 Saved 0 new announcements

✅ Scraping completed in 10.96 seconds!
⚡ Average: 5.48s per stock

================================================================================
⏰ Scheduled run at 2025-10-12 08:29:09
================================================================================

🚀 Starting parallel scraper...

📋 Found 2 active stocks to scrape


📊 Scraping 544172 - Indegene Ltd...

📊 Scraping 532215 - AXIS Bank Ltd...
  Found 50 announcements
  💾 Saved 0 new announcements
  Found 33 announcements
  💾 Saved 0 new announcements

✅ Scraping completed in 10.85 seconds!
⚡ Average: 5.43s per stock

================================================================================
⏰ Scheduled run at 2025-10-12 08:30:20
================================================================================

🚀 Starting parallel scraper...

📋 Found 2 active stocks to scrape


📊 Scraping 544172 - Indegene Ltd...

📊 Scraping 532215 - AXIS Bank Ltd...
  Found 33 announcements
  Found 50 announcements
  💾 Saved 0 new announcements
  💾 Saved 0 new announcements

✅ Scraping completed in 10.51 seconds!
⚡ Average: 5.25s per stock

================================================================================
⏰ Scheduled run at 2025-10-12 08:31:31
================================================================================

🚀 Starting parallel scraper...

📋 Found 2 active stocks to scrape


📊 Scraping 544172 - Indegene Ltd...

📊 Scraping 532215 - AXIS Bank Ltd...
  Found 50 announcements
  💾 Saved 0 new announcements
  Found 33 announcements
  💾 Saved 0 new announcements

✅ Scraping completed in 10.85 seconds!
⚡ Average: 5.43s per stock

================================================================================
⏰ Scheduled run at 2025-10-12 08:32:42
================================================================================

🚀 Starting parallel scraper...

📋 Found 2 active stocks to scrape


📊 Scraping 544172 - Indegene Ltd...

📊 Scraping 532215 - AXIS Bank Ltd...
  Found 50 announcements
  💾 Saved 0 new announcements
  Found 33 announcements
  💾 Saved 0 new announcements

✅ Scraping completed in 10.31 seconds!
⚡ Average: 5.15s per stock

================================================================================
⏰ Scheduled run at 2025-10-12 08:33:53
================================================================================

🚀 Starting parallel scraper...

📋 Found 2 active stocks to scrape


📊 Scraping 544172 - Indegene Ltd...

📊 Scraping 532215 - AXIS Bank Ltd...
  Found 33 announcements
  Found 50 announcements
  💾 Saved 0 new announcements
  💾 Saved 0 new announcements

✅ Scraping completed in 10.48 seconds!
⚡ Average: 5.24s per stock

================================================================================
⏰ Scheduled run at 2025-10-12 08:35:04
================================================================================

🚀 Starting parallel scraper...

📋 Found 2 active stocks to scrape


📊 Scraping 544172 - Indegene Ltd...

📊 Scraping 532215 - AXIS Bank Ltd...
  Found 33 announcements
  Found 50 announcements
  💾 Saved 0 new announcements
  💾 Saved 0 new announcements

✅ Scraping completed in 11.46 seconds!
⚡ Average: 5.73s per stock

================================================================================
⏰ Scheduled run at 2025-10-12 08:36:16
================================================================================

🚀 Starting parallel scraper...

📋 Found 2 active stocks to scrape


📊 Scraping 544172 - Indegene Ltd...

📊 Scraping 532215 - AXIS Bank Ltd...
  Found 33 announcements
  Found 50 announcements
  💾 Saved 0 new announcements
  💾 Saved 0 new announcements

✅ Scraping completed in 10.93 seconds!
⚡ Average: 5.47s per stock

================================================================================
⏰ Scheduled run at 2025-10-12 08:37:27
================================================================================

🚀 Starting parallel scraper...

📋 Found 2 active stocks to scrape


📊 Scraping 544172 - Indegene Ltd...

📊 Scraping 532215 - AXIS Bank Ltd...
  Found 33 announcements
  💾 Saved 0 new announcements
  Found 50 announcements
  💾 Saved 0 new announcements

✅ Scraping completed in 10.94 seconds!
⚡ Average: 5.47s per stock

================================================================================
⏰ Scheduled run at 2025-10-12 08:38:38
================================================================================

🚀 Starting parallel scraper...

📋 Found 2 active stocks to scrape


📊 Scraping 544172 - Indegene Ltd...

📊 Scraping 532215 - AXIS Bank Ltd...
  Found 50 announcements
  💾 Saved 0 new announcements
  Found 33 announcements
  💾 Saved 0 new announcements

✅ Scraping completed in 10.36 seconds!
⚡ Average: 5.18s per stock

================================================================================
⏰ Scheduled run at 2025-10-12 08:39:49
================================================================================

🚀 Starting parallel scraper...

📋 Found 2 active stocks to scrape


📊 Scraping 544172 - Indegene Ltd...

📊 Scraping 532215 - AXIS Bank Ltd...
  Found 33 announcements
  Found 50 announcements
  💾 Saved 0 new announcements
  💾 Saved 0 new announcements

✅ Scraping completed in 10.97 seconds!
⚡ Average: 5.49s per stock

================================================================================
⏰ Scheduled run at 2025-10-12 08:41:00
================================================================================

🚀 Starting parallel scraper...

📋 Found 2 active stocks to scrape


📊 Scraping 544172 - Indegene Ltd...

📊 Scraping 532215 - AXIS Bank Ltd...
  Found 33 announcements
  💾 Saved 0 new announcements
  Found 50 announcements
  💾 Saved 0 new announcements

✅ Scraping completed in 10.94 seconds!
⚡ Average: 5.47s per stock

================================================================================
⏰ Scheduled run at 2025-10-12 08:42:12
================================================================================

🚀 Starting parallel scraper...

📋 Found 2 active stocks to scrape


📊 Scraping 544172 - Indegene Ltd...

📊 Scraping 532215 - AXIS Bank Ltd...
  Found 33 announcements
  Found 50 announcements
  💾 Saved 0 new announcements
  💾 Saved 0 new announcements

✅ Scraping completed in 9.95 seconds!
⚡ Average: 4.98s per stock

================================================================================
⏰ Scheduled run at 2025-10-12 08:43:22
================================================================================

🚀 Starting parallel scraper...

📋 Found 2 active stocks to scrape


📊 Scraping 544172 - Indegene Ltd...

📊 Scraping 532215 - AXIS Bank Ltd...
  Found 33 announcements
  Found 50 announcements
  💾 Saved 0 new announcements
  💾 Saved 0 new announcements

✅ Scraping completed in 10.97 seconds!
⚡ Average: 5.48s per stock

================================================================================
⏰ Scheduled run at 2025-10-12 08:44:34
================================================================================

🚀 Starting parallel scraper...

📋 Found 2 active stocks to scrape


📊 Scraping 544172 - Indegene Ltd...

📊 Scraping 532215 - AXIS Bank Ltd...
  Found 33 announcements
  Found 50 announcements
  💾 Saved 0 new announcements
  💾 Saved 0 new announcements

✅ Scraping completed in 11.03 seconds!
⚡ Average: 5.51s per stock

================================================================================
⏰ Scheduled run at 2025-10-12 08:45:45
================================================================================

🚀 Starting parallel scraper...

📋 Found 2 active stocks to scrape


📊 Scraping 544172 - Indegene Ltd...

📊 Scraping 532215 - AXIS Bank Ltd...
  Found 50 announcements
  💾 Saved 0 new announcements
  Found 33 announcements
  💾 Saved 0 new announcements

✅ Scraping completed in 10.84 seconds!
⚡ Average: 5.42s per stock

================================================================================
⏰ Scheduled run at 2025-10-12 08:46:56
================================================================================

🚀 Starting parallel scraper...

📋 Found 2 active stocks to scrape


📊 Scraping 544172 - Indegene Ltd...

📊 Scraping 532215 - AXIS Bank Ltd...
  Found 33 announcements
  💾 Saved 0 new announcements
  Found 50 announcements
  💾 Saved 0 new announcements

✅ Scraping completed in 10.44 seconds!
⚡ Average: 5.22s per stock

================================================================================
⏰ Scheduled run at 2025-10-12 08:48:07
================================================================================

🚀 Starting parallel scraper...

📋 Found 2 active stocks to scrape


📊 Scraping 544172 - Indegene Ltd...

📊 Scraping 532215 - AXIS Bank Ltd...
  Found 33 announcements
  Found 50 announcements
  💾 Saved 0 new announcements
  💾 Saved 0 new announcements

✅ Scraping completed in 10.52 seconds!
⚡ Average: 5.26s per stock

================================================================================
⏰ Scheduled run at 2025-10-12 08:49:18
================================================================================

🚀 Starting parallel scraper...

📋 Found 2 active stocks to scrape


📊 Scraping 544172 - Indegene Ltd...

📊 Scraping 532215 - AXIS Bank Ltd...
  Found 33 announcements
  Found 50 announcements
  💾 Saved 0 new announcements
  💾 Saved 0 new announcements

✅ Scraping completed in 11.51 seconds!
⚡ Average: 5.76s per stock

================================================================================
⏰ Scheduled run at 2025-10-12 08:50:30
================================================================================

🚀 Starting parallel scraper...

📋 Found 2 active stocks to scrape


📊 Scraping 544172 - Indegene Ltd...

📊 Scraping 532215 - AXIS Bank Ltd...
  Found 50 announcements
  💾 Saved 0 new announcements
  Found 33 announcements
  💾 Saved 0 new announcements

✅ Scraping completed in 10.84 seconds!
⚡ Average: 5.42s per stock

================================================================================
⏰ Scheduled run at 2025-10-12 08:51:41
================================================================================

🚀 Starting parallel scraper...

📋 Found 2 active stocks to scrape


📊 Scraping 544172 - Indegene Ltd...

📊 Scraping 532215 - AXIS Bank Ltd...
  Found 33 announcements
  💾 Saved 0 new announcements
  Found 50 announcements
  💾 Saved 0 new announcements

✅ Scraping completed in 10.48 seconds!
⚡ Average: 5.24s per stock

================================================================================
⏰ Scheduled run at 2025-10-12 08:52:52
================================================================================

🚀 Starting parallel scraper...

📋 Found 2 active stocks to scrape


📊 Scraping 544172 - Indegene Ltd...

📊 Scraping 532215 - AXIS Bank Ltd...
  Found 33 announcements
  Found 50 announcements
  💾 Saved 0 new announcements
  💾 Saved 0 new announcements

✅ Scraping completed in 10.46 seconds!
⚡ Average: 5.23s per stock

================================================================================
⏰ Scheduled run at 2025-10-12 08:54:03
================================================================================

🚀 Starting parallel scraper...

📋 Found 2 active stocks to scrape


📊 Scraping 544172 - Indegene Ltd...

📊 Scraping 532215 - AXIS Bank Ltd...
  Found 33 announcements
  Found 50 announcements
  💾 Saved 0 new announcements
  💾 Saved 0 new announcements

✅ Scraping completed in 11.56 seconds!
⚡ Average: 5.78s per stock

================================================================================
⏰ Scheduled run at 2025-10-12 08:55:14
================================================================================

🚀 Starting parallel scraper...

📋 Found 2 active stocks to scrape


📊 Scraping 544172 - Indegene Ltd...

📊 Scraping 532215 - AXIS Bank Ltd...
  Found 33 announcements
  💾 Saved 0 new announcements
  Found 50 announcements
  💾 Saved 0 new announcements

✅ Scraping completed in 10.97 seconds!
⚡ Average: 5.48s per stock

================================================================================
⏰ Scheduled run at 2025-10-12 08:56:26
================================================================================

🚀 Starting parallel scraper...

📋 Found 2 active stocks to scrape


📊 Scraping 544172 - Indegene Ltd...

📊 Scraping 532215 - AXIS Bank Ltd...
  Found 50 announcements
  💾 Saved 0 new announcements
  Found 33 announcements
  💾 Saved 0 new announcements

✅ Scraping completed in 10.32 seconds!
⚡ Average: 5.16s per stock

================================================================================
⏰ Scheduled run at 2025-10-12 08:57:36
================================================================================

🚀 Starting parallel scraper...

📋 Found 2 active stocks to scrape


📊 Scraping 544172 - Indegene Ltd...

📊 Scraping 532215 - AXIS Bank Ltd...
  Found 33 announcements
  Found 50 announcements
  💾 Saved 0 new announcements
  💾 Saved 0 new announcements

✅ Scraping completed in 10.47 seconds!
⚡ Average: 5.24s per stock

================================================================================
⏰ Scheduled run at 2025-10-12 08:58:47
================================================================================

🚀 Starting parallel scraper...

📋 Found 2 active stocks to scrape


📊 Scraping 544172 - Indegene Ltd...

📊 Scraping 532215 - AXIS Bank Ltd...
  Found 33 announcements
  Found 50 announcements
  💾 Saved 0 new announcements
  💾 Saved 0 new announcements

✅ Scraping completed in 11.46 seconds!
⚡ Average: 5.73s per stock

================================================================================
⏰ Scheduled run at 2025-10-12 08:59:59
================================================================================

🚀 Starting parallel scraper...

📋 Found 2 active stocks to scrape


📊 Scraping 544172 - Indegene Ltd...

📊 Scraping 532215 - AXIS Bank Ltd...
  Found 33 announcements
  Found 50 announcements
  💾 Saved 0 new announcements
  💾 Saved 0 new announcements

✅ Scraping completed in 10.94 seconds!
⚡ Average: 5.47s per stock

================================================================================
⏰ Scheduled run at 2025-10-12 09:01:10
================================================================================

🚀 Starting parallel scraper...

📋 Found 2 active stocks to scrape


📊 Scraping 544172 - Indegene Ltd...

📊 Scraping 532215 - AXIS Bank Ltd...
  Found 33 announcements
  Found 50 announcements
  💾 Saved 0 new announcements
  💾 Saved 0 new announcements

✅ Scraping completed in 10.98 seconds!
⚡ Average: 5.49s per stock

================================================================================
⏰ Scheduled run at 2025-10-12 09:02:22
================================================================================

🚀 Starting parallel scraper...

📋 Found 2 active stocks to scrape


📊 Scraping 544172 - Indegene Ltd...

📊 Scraping 532215 - AXIS Bank Ltd...
  Found 33 announcements
  💾 Saved 0 new announcements
  Found 50 announcements
  💾 Saved 0 new announcements

✅ Scraping completed in 10.96 seconds!
⚡ Average: 5.48s per stock

================================================================================
⏰ Scheduled run at 2025-10-12 09:03:33
================================================================================

🚀 Starting parallel scraper...

📋 Found 2 active stocks to scrape


📊 Scraping 544172 - Indegene Ltd...

📊 Scraping 532215 - AXIS Bank Ltd...
  Found 33 announcements
  💾 Saved 0 new announcements
  Found 50 announcements
  💾 Saved 0 new announcements

✅ Scraping completed in 10.38 seconds!
⚡ Average: 5.19s per stock

================================================================================
⏰ Scheduled run at 2025-10-12 09:04:44
================================================================================

🚀 Starting parallel scraper...

📋 Found 2 active stocks to scrape


📊 Scraping 544172 - Indegene Ltd...

📊 Scraping 532215 - AXIS Bank Ltd...
  Found 33 announcements
  Found 50 announcements
  💾 Saved 0 new announcements
  💾 Saved 0 new announcements

✅ Scraping completed in 10.97 seconds!
⚡ Average: 5.49s per stock

================================================================================
⏰ Scheduled run at 2025-10-12 09:05:55
================================================================================

🚀 Starting parallel scraper...

📋 Found 2 active stocks to scrape


📊 Scraping 544172 - Indegene Ltd...

📊 Scraping 532215 - AXIS Bank Ltd...
  Found 33 announcements
  Found 50 announcements
  💾 Saved 0 new announcements
  💾 Saved 0 new announcements

✅ Scraping completed in 10.45 seconds!
⚡ Average: 5.22s per stock

================================================================================
⏰ Scheduled run at 2025-10-12 09:07:06
================================================================================

🚀 Starting parallel scraper...

📋 Found 2 active stocks to scrape


📊 Scraping 544172 - Indegene Ltd...

📊 Scraping 532215 - AXIS Bank Ltd...
  Found 33 announcements
  💾 Saved 0 new announcements
  Found 50 announcements
  💾 Saved 0 new announcements

✅ Scraping completed in 10.90 seconds!
⚡ Average: 5.45s per stock

================================================================================
⏰ Scheduled run at 2025-10-12 09:08:17
================================================================================

🚀 Starting parallel scraper...

📋 Found 2 active stocks to scrape


📊 Scraping 544172 - Indegene Ltd...

📊 Scraping 532215 - AXIS Bank Ltd...
  Found 33 announcements
  💾 Saved 0 new announcements
  Found 50 announcements
  💾 Saved 0 new announcements

✅ Scraping completed in 10.91 seconds!
⚡ Average: 5.46s per stock

================================================================================
⏰ Scheduled run at 2025-10-12 09:09:29
================================================================================

🚀 Starting parallel scraper...

📋 Found 2 active stocks to scrape


📊 Scraping 544172 - Indegene Ltd...

📊 Scraping 532215 - AXIS Bank Ltd...
  Found 33 announcements
  Found 50 announcements
  💾 Saved 0 new announcements
  💾 Saved 0 new announcements

✅ Scraping completed in 10.98 seconds!
⚡ Average: 5.49s per stock

================================================================================
⏰ Scheduled run at 2025-10-12 09:10:40
================================================================================

🚀 Starting parallel scraper...

📋 Found 2 active stocks to scrape


📊 Scraping 544172 - Indegene Ltd...

📊 Scraping 532215 - AXIS Bank Ltd...
  Found 33 announcements
  💾 Saved 0 new announcements
  Found 50 announcements
  💾 Saved 0 new announcements

✅ Scraping completed in 10.42 seconds!
⚡ Average: 5.21s per stock

================================================================================
⏰ Scheduled run at 2025-10-12 09:11:51
================================================================================

🚀 Starting parallel scraper...

📋 Found 2 active stocks to scrape


📊 Scraping 544172 - Indegene Ltd...

📊 Scraping 532215 - AXIS Bank Ltd...
  Found 33 announcements
  💾 Saved 0 new announcements
  Found 50 announcements
  💾 Saved 0 new announcements

✅ Scraping completed in 10.95 seconds!
⚡ Average: 5.47s per stock

================================================================================
⏰ Scheduled run at 2025-10-12 09:13:02
================================================================================

🚀 Starting parallel scraper...

📋 Found 2 active stocks to scrape


📊 Scraping 544172 - Indegene Ltd...

📊 Scraping 532215 - AXIS Bank Ltd...
  Found 33 announcements
  Found 50 announcements
  💾 Saved 0 new announcements
  💾 Saved 0 new announcements

✅ Scraping completed in 10.96 seconds!
⚡ Average: 5.48s per stock

================================================================================
⏰ Scheduled run at 2025-10-12 09:14:13
================================================================================

🚀 Starting parallel scraper...

📋 Found 2 active stocks to scrape


📊 Scraping 544172 - Indegene Ltd...

📊 Scraping 532215 - AXIS Bank Ltd...
  Found 33 announcements
  Found 50 announcements
  💾 Saved 0 new announcements
  💾 Saved 0 new announcements

✅ Scraping completed in 10.47 seconds!
⚡ Average: 5.24s per stock

================================================================================
⏰ Scheduled run at 2025-10-12 09:15:24
================================================================================

🚀 Starting parallel scraper...

📋 Found 2 active stocks to scrape


📊 Scraping 544172 - Indegene Ltd...

📊 Scraping 532215 - AXIS Bank Ltd...
  Found 50 announcements
  💾 Saved 0 new announcements
  Found 33 announcements
  💾 Saved 0 new announcements

✅ Scraping completed in 10.84 seconds!
⚡ Average: 5.42s per stock

================================================================================
⏰ Scheduled run at 2025-10-12 09:16:36
================================================================================

🚀 Starting parallel scraper...

📋 Found 2 active stocks to scrape


📊 Scraping 544172 - Indegene Ltd...

📊 Scraping 532215 - AXIS Bank Ltd...
  Found 33 announcements
  Found 50 announcements
  💾 Saved 0 new announcements
  💾 Saved 0 new announcements

✅ Scraping completed in 10.52 seconds!
⚡ Average: 5.26s per stock

================================================================================
⏰ Scheduled run at 2025-10-12 09:17:46
================================================================================

🚀 Starting parallel scraper...

📋 Found 2 active stocks to scrape


📊 Scraping 544172 - Indegene Ltd...

📊 Scraping 532215 - AXIS Bank Ltd...
  Found 50 announcements
  💾 Saved 0 new announcements
  Found 33 announcements
  💾 Saved 0 new announcements

✅ Scraping completed in 10.83 seconds!
⚡ Average: 5.41s per stock

================================================================================
⏰ Scheduled run at 2025-10-12 09:18:58
================================================================================

🚀 Starting parallel scraper...

📋 Found 2 active stocks to scrape


📊 Scraping 544172 - Indegene Ltd...

📊 Scraping 532215 - AXIS Bank Ltd...
  Found 50 announcements
  💾 Saved 0 new announcements
  Found 33 announcements
  💾 Saved 0 new announcements

✅ Scraping completed in 10.34 seconds!
⚡ Average: 5.17s per stock

================================================================================
⏰ Scheduled run at 2025-10-12 09:20:08
================================================================================

🚀 Starting parallel scraper...

📋 Found 2 active stocks to scrape


📊 Scraping 544172 - Indegene Ltd...

📊 Scraping 532215 - AXIS Bank Ltd...
  Found 33 announcements
  Found 50 announcements
  💾 Saved 0 new announcements
  💾 Saved 0 new announcements

✅ Scraping completed in 10.47 seconds!
⚡ Average: 5.23s per stock

================================================================================
⏰ Scheduled run at 2025-10-12 09:21:19
================================================================================

🚀 Starting parallel scraper...

📋 Found 2 active stocks to scrape


📊 Scraping 544172 - Indegene Ltd...

📊 Scraping 532215 - AXIS Bank Ltd...
  Found 33 announcements
  Found 50 announcements
  💾 Saved 0 new announcements
  💾 Saved 0 new announcements

✅ Scraping completed in 11.49 seconds!
⚡ Average: 5.74s per stock

================================================================================
⏰ Scheduled run at 2025-10-12 09:22:31
================================================================================

🚀 Starting parallel scraper...

📋 Found 2 active stocks to scrape


📊 Scraping 544172 - Indegene Ltd...

📊 Scraping 532215 - AXIS Bank Ltd...
  Found 33 announcements
  💾 Saved 0 new announcements
  Found 50 announcements
  💾 Saved 0 new announcements

✅ Scraping completed in 10.97 seconds!
⚡ Average: 5.49s per stock

================================================================================
⏰ Scheduled run at 2025-10-12 09:23:42
================================================================================

🚀 Starting parallel scraper...

📋 Found 2 active stocks to scrape


📊 Scraping 544172 - Indegene Ltd...

📊 Scraping 532215 - AXIS Bank Ltd...
  Found 33 announcements
  💾 Saved 0 new announcements
  Found 50 announcements
  💾 Saved 0 new announcements

✅ Scraping completed in 10.49 seconds!
⚡ Average: 5.24s per stock

================================================================================
⏰ Scheduled run at 2025-10-12 09:24:53
================================================================================

🚀 Starting parallel scraper...

📋 Found 2 active stocks to scrape


📊 Scraping 544172 - Indegene Ltd...

📊 Scraping 532215 - AXIS Bank Ltd...
  Found 33 announcements
  Found 50 announcements
  💾 Saved 0 new announcements
  💾 Saved 0 new announcements

✅ Scraping completed in 10.46 seconds!
⚡ Average: 5.23s per stock

================================================================================
⏰ Scheduled run at 2025-10-12 09:26:04
================================================================================

🚀 Starting parallel scraper...

📋 Found 2 active stocks to scrape


📊 Scraping 544172 - Indegene Ltd...

📊 Scraping 532215 - AXIS Bank Ltd...
  Found 33 announcements
  Found 50 announcements
  💾 Saved 0 new announcements
  💾 Saved 0 new announcements

✅ Scraping completed in 11.48 seconds!
⚡ Average: 5.74s per stock

================================================================================
⏰ Scheduled run at 2025-10-12 09:27:16
================================================================================

🚀 Starting parallel scraper...

📋 Found 2 active stocks to scrape


📊 Scraping 544172 - Indegene Ltd...

📊 Scraping 532215 - AXIS Bank Ltd...
  Found 33 announcements
  Found 50 announcements
  💾 Saved 0 new announcements
  💾 Saved 0 new announcements

✅ Scraping completed in 987.31 seconds!
⚡ Average: 493.65s per stock

================================================================================
⏰ Scheduled run at 2025-10-12 09:44:44
================================================================================

🚀 Starting parallel scraper...

📋 Found 2 active stocks to scrape


📊 Scraping 544172 - Indegene Ltd...

📊 Scraping 532215 - AXIS Bank Ltd...
  Found 33 announcements
  Found 50 announcements
  💾 Saved 0 new announcements
  💾 Saved 0 new announcements

✅ Scraping completed in 10.95 seconds!
⚡ Average: 5.48s per stock

================================================================================
⏰ Scheduled run at 2025-10-12 09:45:55
================================================================================

🚀 Starting parallel scraper...

📋 Found 2 active stocks to scrape


📊 Scraping 544172 - Indegene Ltd...

📊 Scraping 532215 - AXIS Bank Ltd...
  Found 33 announcements
  Found 50 announcements
  💾 Saved 0 new announcements
  💾 Saved 0 new announcements

✅ Scraping completed in 10.96 seconds!
⚡ Average: 5.48s per stock

================================================================================
⏰ Scheduled run at 2025-10-12 09:47:06
================================================================================

🚀 Starting parallel scraper...

📋 Found 2 active stocks to scrape


📊 Scraping 544172 - Indegene Ltd...

📊 Scraping 532215 - AXIS Bank Ltd...
  Found 33 announcements
  💾 Saved 0 new announcements
  Found 50 announcements
  💾 Saved 0 new announcements

✅ Scraping completed in 10.88 seconds!
⚡ Average: 5.44s per stock

================================================================================
⏰ Scheduled run at 2025-10-12 09:48:18
================================================================================

🚀 Starting parallel scraper...

📋 Found 2 active stocks to scrape


📊 Scraping 544172 - Indegene Ltd...

📊 Scraping 532215 - AXIS Bank Ltd...
  Found 33 announcements
  💾 Saved 0 new announcements
  Found 50 announcements
  💾 Saved 0 new announcements

✅ Scraping completed in 10.36 seconds!
⚡ Average: 5.18s per stock

================================================================================
⏰ Scheduled run at 2025-10-12 09:49:28
================================================================================

🚀 Starting parallel scraper...

📋 Found 2 active stocks to scrape


📊 Scraping 544172 - Indegene Ltd...

📊 Scraping 532215 - AXIS Bank Ltd...
  Found 33 announcements
  💾 Saved 0 new announcements
  Found 50 announcements
  💾 Saved 0 new announcements

✅ Scraping completed in 10.89 seconds!
⚡ Average: 5.45s per stock

================================================================================
⏰ Scheduled run at 2025-10-12 09:50:39
================================================================================

🚀 Starting parallel scraper...

📋 Found 2 active stocks to scrape


📊 Scraping 544172 - Indegene Ltd...

📊 Scraping 532215 - AXIS Bank Ltd...
  Found 33 announcements
  Found 50 announcements
  💾 Saved 0 new announcements
  💾 Saved 0 new announcements

✅ Scraping completed in 10.46 seconds!
⚡ Average: 5.23s per stock

================================================================================
⏰ Scheduled run at 2025-10-12 09:51:50
================================================================================

🚀 Starting parallel scraper...

📋 Found 2 active stocks to scrape


📊 Scraping 544172 - Indegene Ltd...

📊 Scraping 532215 - AXIS Bank Ltd...
  Found 33 announcements
  Found 50 announcements
  💾 Saved 0 new announcements
  💾 Saved 0 new announcements

✅ Scraping completed in 10.91 seconds!
⚡ Average: 5.46s per stock

================================================================================
⏰ Scheduled run at 2025-10-12 09:53:02
================================================================================

🚀 Starting parallel scraper...

📋 Found 2 active stocks to scrape


📊 Scraping 544172 - Indegene Ltd...

📊 Scraping 532215 - AXIS Bank Ltd...
  Found 50 announcements
  💾 Saved 0 new announcements
  Found 33 announcements
  💾 Saved 0 new announcements

✅ Scraping completed in 10.78 seconds!
⚡ Average: 5.39s per stock

================================================================================
⏰ Scheduled run at 2025-10-12 09:54:13
================================================================================

🚀 Starting parallel scraper...

📋 Found 2 active stocks to scrape


📊 Scraping 544172 - Indegene Ltd...

📊 Scraping 532215 - AXIS Bank Ltd...
  Found 33 announcements
  Found 50 announcements
  💾 Saved 0 new announcements
  💾 Saved 0 new announcements

✅ Scraping completed in 10.46 seconds!
⚡ Average: 5.23s per stock

================================================================================
⏰ Scheduled run at 2025-10-12 09:55:23
================================================================================

🚀 Starting parallel scraper...

📋 Found 2 active stocks to scrape


📊 Scraping 544172 - Indegene Ltd...

📊 Scraping 532215 - AXIS Bank Ltd...
  Found 33 announcements
  Found 50 announcements
  💾 Saved 0 new announcements
  💾 Saved 0 new announcements

✅ Scraping completed in 10.94 seconds!
⚡ Average: 5.47s per stock

================================================================================
⏰ Scheduled run at 2025-10-12 09:56:35
================================================================================

🚀 Starting parallel scraper...

📋 Found 2 active stocks to scrape


📊 Scraping 544172 - Indegene Ltd...

📊 Scraping 532215 - AXIS Bank Ltd...
  Found 33 announcements
  Found 50 announcements
  💾 Saved 0 new announcements
  💾 Saved 0 new announcements

✅ Scraping completed in 10.95 seconds!
⚡ Average: 5.47s per stock

================================================================================
⏰ Scheduled run at 2025-10-12 09:57:46
================================================================================

🚀 Starting parallel scraper...

📋 Found 2 active stocks to scrape


📊 Scraping 544172 - Indegene Ltd...

📊 Scraping 532215 - AXIS Bank Ltd...
  Found 33 announcements
  💾 Saved 0 new announcements
  Found 50 announcements
  💾 Saved 0 new announcements

✅ Scraping completed in 10.88 seconds!
⚡ Average: 5.44s per stock

================================================================================
⏰ Scheduled run at 2025-10-12 09:58:57
================================================================================

🚀 Starting parallel scraper...

📋 Found 2 active stocks to scrape


📊 Scraping 544172 - Indegene Ltd...

📊 Scraping 532215 - AXIS Bank Ltd...
  Found 33 announcements
  Found 50 announcements
  💾 Saved 0 new announcements
  💾 Saved 0 new announcements

✅ Scraping completed in 10.46 seconds!
⚡ Average: 5.23s per stock

================================================================================
⏰ Scheduled run at 2025-10-12 10:00:08
================================================================================

🚀 Starting parallel scraper...

📋 Found 2 active stocks to scrape


📊 Scraping 544172 - Indegene Ltd...

📊 Scraping 532215 - AXIS Bank Ltd...
  Found 33 announcements
  Found 50 announcements
  💾 Saved 0 new announcements
  💾 Saved 0 new announcements

✅ Scraping completed in 11.46 seconds!
⚡ Average: 5.73s per stock

================================================================================
⏰ Scheduled run at 2025-10-12 10:01:20
================================================================================

🚀 Starting parallel scraper...

📋 Found 2 active stocks to scrape


📊 Scraping 544172 - Indegene Ltd...

📊 Scraping 532215 - AXIS Bank Ltd...
  Found 33 announcements
  💾 Saved 0 new announcements
  Found 50 announcements
  💾 Saved 0 new announcements

✅ Scraping completed in 10.88 seconds!
⚡ Average: 5.44s per stock

================================================================================
⏰ Scheduled run at 2025-10-12 10:02:31
================================================================================

🚀 Starting parallel scraper...

📋 Found 2 active stocks to scrape


📊 Scraping 544172 - Indegene Ltd...

📊 Scraping 532215 - AXIS Bank Ltd...
  Found 33 announcements
  💾 Saved 0 new announcements
  Found 50 announcements
  💾 Saved 0 new announcements

✅ Scraping completed in 10.39 seconds!
⚡ Average: 5.19s per stock

================================================================================
⏰ Scheduled run at 2025-10-12 10:03:42
================================================================================

🚀 Starting parallel scraper...

📋 Found 2 active stocks to scrape


📊 Scraping 544172 - Indegene Ltd...

📊 Scraping 532215 - AXIS Bank Ltd...
  Found 33 announcements
  Found 50 announcements
  💾 Saved 0 new announcements
  💾 Saved 0 new announcements

✅ Scraping completed in 10.95 seconds!
⚡ Average: 5.48s per stock

================================================================================
⏰ Scheduled run at 2025-10-12 10:04:53
================================================================================

🚀 Starting parallel scraper...

📋 Found 2 active stocks to scrape


📊 Scraping 544172 - Indegene Ltd...

📊 Scraping 532215 - AXIS Bank Ltd...
  Found 33 announcements
  Found 50 announcements
  💾 Saved 0 new announcements
  💾 Saved 0 new announcements

✅ Scraping completed in 10.94 seconds!
⚡ Average: 5.47s per stock

================================================================================
⏰ Scheduled run at 2025-10-12 10:06:04
================================================================================

🚀 Starting parallel scraper...

📋 Found 2 active stocks to scrape


📊 Scraping 544172 - Indegene Ltd...

📊 Scraping 532215 - AXIS Bank Ltd...
  Found 33 announcements
  Found 50 announcements
  💾 Saved 0 new announcements
  💾 Saved 0 new announcements

✅ Scraping completed in 10.94 seconds!
⚡ Average: 5.47s per stock

================================================================================
⏰ Scheduled run at 2025-10-12 10:07:16
================================================================================

🚀 Starting parallel scraper...

📋 Found 2 active stocks to scrape


📊 Scraping 544172 - Indegene Ltd...

📊 Scraping 532215 - AXIS Bank Ltd...
  Found 33 announcements
  💾 Saved 0 new announcements
  Found 50 announcements
  💾 Saved 0 new announcements

✅ Scraping completed in 10.88 seconds!
⚡ Average: 5.44s per stock

================================================================================
⏰ Scheduled run at 2025-10-12 10:08:27
================================================================================

🚀 Starting parallel scraper...

📋 Found 2 active stocks to scrape


📊 Scraping 544172 - Indegene Ltd...

📊 Scraping 532215 - AXIS Bank Ltd...
  Found 33 announcements
  Found 50 announcements
  💾 Saved 0 new announcements
  💾 Saved 0 new announcements

✅ Scraping completed in 10.47 seconds!
⚡ Average: 5.24s per stock

================================================================================
⏰ Scheduled run at 2025-10-12 10:09:38
================================================================================

🚀 Starting parallel scraper...

📋 Found 2 active stocks to scrape


📊 Scraping 544172 - Indegene Ltd...

📊 Scraping 532215 - AXIS Bank Ltd...
  Found 33 announcements
  💾 Saved 0 new announcements
  Found 50 announcements
  💾 Saved 0 new announcements

✅ Scraping completed in 11.41 seconds!
⚡ Average: 5.71s per stock

================================================================================
⏰ Scheduled run at 2025-10-12 10:10:49
================================================================================

🚀 Starting parallel scraper...

📋 Found 2 active stocks to scrape


📊 Scraping 544172 - Indegene Ltd...

📊 Scraping 532215 - AXIS Bank Ltd...
  Found 50 announcements
  💾 Saved 0 new announcements
  Found 33 announcements
  💾 Saved 0 new announcements

✅ Scraping completed in 10.30 seconds!
⚡ Average: 5.15s per stock

================================================================================
⏰ Scheduled run at 2025-10-12 10:12:00
================================================================================

🚀 Starting parallel scraper...

📋 Found 2 active stocks to scrape


📊 Scraping 544172 - Indegene Ltd...

📊 Scraping 532215 - AXIS Bank Ltd...
  Found 33 announcements
  Found 50 announcements
  💾 Saved 0 new announcements
  💾 Saved 0 new announcements

✅ Scraping completed in 10.46 seconds!
⚡ Average: 5.23s per stock

================================================================================
⏰ Scheduled run at 2025-10-12 10:13:11
================================================================================

🚀 Starting parallel scraper...

📋 Found 2 active stocks to scrape


📊 Scraping 544172 - Indegene Ltd...

📊 Scraping 532215 - AXIS Bank Ltd...
  Found 33 announcements
  Found 50 announcements
  💾 Saved 0 new announcements
  💾 Saved 0 new announcements

✅ Scraping completed in 11.48 seconds!
⚡ Average: 5.74s per stock

================================================================================
⏰ Scheduled run at 2025-10-12 10:14:23
================================================================================

🚀 Starting parallel scraper...

📋 Found 2 active stocks to scrape


📊 Scraping 544172 - Indegene Ltd...

📊 Scraping 532215 - AXIS Bank Ltd...
  Found 33 announcements
  💾 Saved 0 new announcements
  Found 50 announcements
  💾 Saved 0 new announcements

✅ Scraping completed in 10.92 seconds!
⚡ Average: 5.46s per stock

================================================================================
⏰ Scheduled run at 2025-10-12 10:15:34
================================================================================

🚀 Starting parallel scraper...

📋 Found 2 active stocks to scrape


📊 Scraping 544172 - Indegene Ltd...

📊 Scraping 532215 - AXIS Bank Ltd...
  Found 33 announcements
  💾 Saved 0 new announcements
  Found 50 announcements
  💾 Saved 0 new announcements

✅ Scraping completed in 10.40 seconds!
⚡ Average: 5.20s per stock

================================================================================
⏰ Scheduled run at 2025-10-12 10:16:45
================================================================================

🚀 Starting parallel scraper...

📋 Found 2 active stocks to scrape


📊 Scraping 544172 - Indegene Ltd...

📊 Scraping 532215 - AXIS Bank Ltd...
  Found 33 announcements
  Found 50 announcements
  💾 Saved 0 new announcements
  💾 Saved 0 new announcements

✅ Scraping completed in 10.95 seconds!
⚡ Average: 5.48s per stock

================================================================================
⏰ Scheduled run at 2025-10-12 10:17:56
================================================================================

🚀 Starting parallel scraper...

📋 Found 2 active stocks to scrape


📊 Scraping 544172 - Indegene Ltd...

📊 Scraping 532215 - AXIS Bank Ltd...
  Found 33 announcements
  Found 50 announcements
  💾 Saved 0 new announcements
  💾 Saved 0 new announcements

✅ Scraping completed in 11.47 seconds!
⚡ Average: 5.74s per stock

================================================================================
⏰ Scheduled run at 2025-10-12 10:19:08
================================================================================

🚀 Starting parallel scraper...

📋 Found 2 active stocks to scrape


📊 Scraping 544172 - Indegene Ltd...

📊 Scraping 532215 - AXIS Bank Ltd...
  Found 33 announcements
  Found 50 announcements
  💾 Saved 0 new announcements
  💾 Saved 0 new announcements

✅ Scraping completed in 10.97 seconds!
⚡ Average: 5.48s per stock

================================================================================
⏰ Scheduled run at 2025-10-12 10:20:19
================================================================================

🚀 Starting parallel scraper...

📋 Found 2 active stocks to scrape


📊 Scraping 544172 - Indegene Ltd...

📊 Scraping 532215 - AXIS Bank Ltd...
  Found 33 announcements
  Found 50 announcements
  💾 Saved 0 new announcements
  💾 Saved 0 new announcements

✅ Scraping completed in 9.97 seconds!
⚡ Average: 4.98s per stock

================================================================================
⏰ Scheduled run at 2025-10-12 10:21:29
================================================================================

🚀 Starting parallel scraper...

📋 Found 2 active stocks to scrape


📊 Scraping 544172 - Indegene Ltd...

📊 Scraping 532215 - AXIS Bank Ltd...
  Found 33 announcements
  Found 50 announcements
  💾 Saved 0 new announcements
  💾 Saved 0 new announcements

✅ Scraping completed in 10.98 seconds!
⚡ Average: 5.49s per stock

================================================================================
⏰ Scheduled run at 2025-10-12 10:22:41
================================================================================

🚀 Starting parallel scraper...

📋 Found 2 active stocks to scrape


📊 Scraping 544172 - Indegene Ltd...

📊 Scraping 532215 - AXIS Bank Ltd...
  Found 33 announcements
  Found 50 announcements
  💾 Saved 0 new announcements
  💾 Saved 0 new announcements

✅ Scraping completed in 11.50 seconds!
⚡ Average: 5.75s per stock

================================================================================
⏰ Scheduled run at 2025-10-12 10:23:53
================================================================================

🚀 Starting parallel scraper...

📋 Found 2 active stocks to scrape


📊 Scraping 544172 - Indegene Ltd...

📊 Scraping 532215 - AXIS Bank Ltd...
  Found 50 announcements
  💾 Saved 0 new announcements
  Found 33 announcements
  💾 Saved 0 new announcements

✅ Scraping completed in 11.31 seconds!
⚡ Average: 5.65s per stock

================================================================================
⏰ Scheduled run at 2025-10-12 10:25:04
================================================================================

🚀 Starting parallel scraper...

📋 Found 2 active stocks to scrape


📊 Scraping 544172 - Indegene Ltd...

📊 Scraping 532215 - AXIS Bank Ltd...
  Found 33 announcements
  Found 50 announcements
  💾 Saved 0 new announcements
  💾 Saved 0 new announcements

✅ Scraping completed in 10.96 seconds!
⚡ Average: 5.48s per stock

================================================================================
⏰ Scheduled run at 2025-10-12 10:26:15
================================================================================

🚀 Starting parallel scraper...

📋 Found 2 active stocks to scrape


📊 Scraping 544172 - Indegene Ltd...

📊 Scraping 532215 - AXIS Bank Ltd...
  Found 33 announcements
  💾 Saved 0 new announcements
  Found 50 announcements
  💾 Saved 0 new announcements

✅ Scraping completed in 10.92 seconds!
⚡ Average: 5.46s per stock

================================================================================
⏰ Scheduled run at 2025-10-12 10:27:27
================================================================================

🚀 Starting parallel scraper...

📋 Found 2 active stocks to scrape


📊 Scraping 544172 - Indegene Ltd...

📊 Scraping 532215 - AXIS Bank Ltd...
  Found 33 announcements
  Found 50 announcements
  💾 Saved 0 new announcements
  💾 Saved 0 new announcements

✅ Scraping completed in 10.54 seconds!
⚡ Average: 5.27s per stock

================================================================================
⏰ Scheduled run at 2025-10-12 10:28:38
================================================================================

🚀 Starting parallel scraper...

📋 Found 2 active stocks to scrape


📊 Scraping 544172 - Indegene Ltd...

📊 Scraping 532215 - AXIS Bank Ltd...
  Found 33 announcements
  Found 50 announcements
  💾 Saved 0 new announcements
  💾 Saved 0 new announcements

✅ Scraping completed in 10.95 seconds!
⚡ Average: 5.47s per stock

================================================================================
⏰ Scheduled run at 2025-10-12 10:29:49
================================================================================

🚀 Starting parallel scraper...

📋 Found 2 active stocks to scrape


📊 Scraping 544172 - Indegene Ltd...

📊 Scraping 532215 - AXIS Bank Ltd...
  Found 50 announcements
  💾 Saved 0 new announcements
  Found 33 announcements
  💾 Saved 0 new announcements

✅ Scraping completed in 10.31 seconds!
⚡ Average: 5.16s per stock

================================================================================
⏰ Scheduled run at 2025-10-12 10:31:00
================================================================================

🚀 Starting parallel scraper...

📋 Found 2 active stocks to scrape


📊 Scraping 544172 - Indegene Ltd...

📊 Scraping 532215 - AXIS Bank Ltd...
  Found 33 announcements
  Found 50 announcements
  💾 Saved 0 new announcements
  💾 Saved 0 new announcements

✅ Scraping completed in 10.96 seconds!
⚡ Average: 5.48s per stock

================================================================================
⏰ Scheduled run at 2025-10-12 10:32:11
================================================================================

🚀 Starting parallel scraper...

📋 Found 2 active stocks to scrape


📊 Scraping 544172 - Indegene Ltd...

📊 Scraping 532215 - AXIS Bank Ltd...
  Found 33 announcements
  Found 50 announcements
  💾 Saved 0 new announcements
  💾 Saved 0 new announcements

✅ Scraping completed in 11.55 seconds!
⚡ Average: 5.78s per stock

================================================================================
⏰ Scheduled run at 2025-10-12 10:33:23
================================================================================

🚀 Starting parallel scraper...

📋 Found 2 active stocks to scrape


📊 Scraping 544172 - Indegene Ltd...

📊 Scraping 532215 - AXIS Bank Ltd...
  Found 50 announcements
  💾 Saved 0 new announcements
  Found 33 announcements
  💾 Saved 0 new announcements

✅ Scraping completed in 10.84 seconds!
⚡ Average: 5.42s per stock

================================================================================
⏰ Scheduled run at 2025-10-12 10:34:34
================================================================================

🚀 Starting parallel scraper...

📋 Found 2 active stocks to scrape


📊 Scraping 544172 - Indegene Ltd...

📊 Scraping 532215 - AXIS Bank Ltd...
  Found 33 announcements
  💾 Saved 0 new announcements
  Found 50 announcements
  💾 Saved 0 new announcements

✅ Scraping completed in 10.39 seconds!
⚡ Average: 5.20s per stock

================================================================================
⏰ Scheduled run at 2025-10-12 10:35:45
================================================================================

🚀 Starting parallel scraper...

📋 Found 2 active stocks to scrape


📊 Scraping 544172 - Indegene Ltd...

📊 Scraping 532215 - AXIS Bank Ltd...
  Found 33 announcements
  Found 50 announcements
  💾 Saved 0 new announcements
  💾 Saved 0 new announcements

✅ Scraping completed in 10.99 seconds!
⚡ Average: 5.50s per stock

================================================================================
⏰ Scheduled run at 2025-10-12 10:36:56
================================================================================

🚀 Starting parallel scraper...

📋 Found 2 active stocks to scrape


📊 Scraping 544172 - Indegene Ltd...

📊 Scraping 532215 - AXIS Bank Ltd...
  Found 33 announcements
  💾 Saved 0 new announcements
  Found 50 announcements
  💾 Saved 0 new announcements

✅ Scraping completed in 11.43 seconds!
⚡ Average: 5.71s per stock

================================================================================
⏰ Scheduled run at 2025-10-12 10:38:08
================================================================================

🚀 Starting parallel scraper...

📋 Found 2 active stocks to scrape


📊 Scraping 544172 - Indegene Ltd...

📊 Scraping 532215 - AXIS Bank Ltd...
  Found 33 announcements
  Found 50 announcements
  💾 Saved 0 new announcements
  💾 Saved 0 new announcements

✅ Scraping completed in 11.06 seconds!
⚡ Average: 5.53s per stock

================================================================================
⏰ Scheduled run at 2025-10-12 10:39:19
================================================================================

🚀 Starting parallel scraper...

📋 Found 2 active stocks to scrape


📊 Scraping 544172 - Indegene Ltd...

📊 Scraping 532215 - AXIS Bank Ltd...
  Found 33 announcements
  Found 50 announcements
  💾 Saved 0 new announcements
  💾 Saved 0 new announcements

✅ Scraping completed in 10.96 seconds!
⚡ Average: 5.48s per stock

================================================================================
⏰ Scheduled run at 2025-10-12 10:40:30
================================================================================

🚀 Starting parallel scraper...

📋 Found 2 active stocks to scrape


📊 Scraping 544172 - Indegene Ltd...

📊 Scraping 532215 - AXIS Bank Ltd...
  Found 33 announcements
  💾 Saved 0 new announcements
  Found 50 announcements
  💾 Saved 0 new announcements

✅ Scraping completed in 200.10 seconds!
⚡ Average: 100.05s per stock

================================================================================
⏰ Scheduled run at 2025-10-12 10:44:51
================================================================================

🚀 Starting parallel scraper...

📋 Found 2 active stocks to scrape


📊 Scraping 544172 - Indegene Ltd...

📊 Scraping 532215 - AXIS Bank Ltd...
  Found 33 announcements
  Found 50 announcements
  💾 Saved 0 new announcements
  💾 Saved 0 new announcements

✅ Scraping completed in 10.57 seconds!
⚡ Average: 5.28s per stock

================================================================================
⏰ Scheduled run at 2025-10-12 10:46:02
================================================================================

🚀 Starting parallel scraper...

📋 Found 2 active stocks to scrape


📊 Scraping 544172 - Indegene Ltd...

📊 Scraping 532215 - AXIS Bank Ltd...
  Found 33 announcements
  Found 50 announcements
  💾 Saved 0 new announcements
  💾 Saved 0 new announcements

✅ Scraping completed in 11.05 seconds!
⚡ Average: 5.53s per stock

================================================================================
⏰ Scheduled run at 2025-10-12 10:47:13
================================================================================

🚀 Starting parallel scraper...

📋 Found 2 active stocks to scrape


📊 Scraping 544172 - Indegene Ltd...

📊 Scraping 532215 - AXIS Bank Ltd...
  Found 33 announcements
  💾 Saved 0 new announcements
  Found 50 announcements
  💾 Saved 0 new announcements

✅ Scraping completed in 10.94 seconds!
⚡ Average: 5.47s per stock

================================================================================
⏰ Scheduled run at 2025-10-12 10:48:24
================================================================================

🚀 Starting parallel scraper...

📋 Found 2 active stocks to scrape


📊 Scraping 544172 - Indegene Ltd...

📊 Scraping 532215 - AXIS Bank Ltd...
  Found 33 announcements
  Found 50 announcements
  💾 Saved 0 new announcements
  💾 Saved 0 new announcements

✅ Scraping completed in 11.00 seconds!
⚡ Average: 5.50s per stock

================================================================================
⏰ Scheduled run at 2025-10-12 10:49:35
================================================================================

🚀 Starting parallel scraper...

📋 Found 2 active stocks to scrape


📊 Scraping 544172 - Indegene Ltd...

📊 Scraping 532215 - AXIS Bank Ltd...
  Found 33 announcements
  💾 Saved 0 new announcements
  Found 50 announcements
  💾 Saved 0 new announcements

✅ Scraping completed in 11.46 seconds!
⚡ Average: 5.73s per stock

================================================================================
⏰ Scheduled run at 2025-10-12 10:50:47
================================================================================

🚀 Starting parallel scraper...

📋 Found 2 active stocks to scrape


📊 Scraping 544172 - Indegene Ltd...

📊 Scraping 532215 - AXIS Bank Ltd...
  Found 33 announcements
  💾 Saved 0 new announcements
  Found 50 announcements
  💾 Saved 0 new announcements

✅ Scraping completed in 10.94 seconds!
⚡ Average: 5.47s per stock

================================================================================
⏰ Scheduled run at 2025-10-12 10:51:58
================================================================================

🚀 Starting parallel scraper...

📋 Found 2 active stocks to scrape


📊 Scraping 544172 - Indegene Ltd...

📊 Scraping 532215 - AXIS Bank Ltd...
  Found 50 announcements
  💾 Saved 0 new announcements
  Found 33 announcements
  💾 Saved 0 new announcements

✅ Scraping completed in 10.34 seconds!
⚡ Average: 5.17s per stock

================================================================================
⏰ Scheduled run at 2025-10-12 10:53:09
================================================================================

🚀 Starting parallel scraper...

📋 Found 2 active stocks to scrape


📊 Scraping 544172 - Indegene Ltd...

📊 Scraping 532215 - AXIS Bank Ltd...
  Found 33 announcements
  Found 50 announcements
  💾 Saved 0 new announcements
  💾 Saved 0 new announcements

✅ Scraping completed in 11.51 seconds!
⚡ Average: 5.76s per stock

================================================================================
⏰ Scheduled run at 2025-10-12 10:54:20
================================================================================

🚀 Starting parallel scraper...

📋 Found 2 active stocks to scrape


📊 Scraping 544172 - Indegene Ltd...

📊 Scraping 532215 - AXIS Bank Ltd...
  Found 33 announcements
  💾 Saved 0 new announcements
  Found 50 announcements
  💾 Saved 0 new announcements

✅ Scraping completed in 11.40 seconds!
⚡ Average: 5.70s per stock

================================================================================
⏰ Scheduled run at 2025-10-12 10:55:32
================================================================================

🚀 Starting parallel scraper...

📋 Found 2 active stocks to scrape


📊 Scraping 544172 - Indegene Ltd...

📊 Scraping 532215 - AXIS Bank Ltd...
  Found 33 announcements
  Found 50 announcements
  💾 Saved 0 new announcements
  💾 Saved 0 new announcements

✅ Scraping completed in 11.00 seconds!
⚡ Average: 5.50s per stock

================================================================================
⏰ Scheduled run at 2025-10-12 10:56:43
================================================================================

🚀 Starting parallel scraper...

📋 Found 2 active stocks to scrape


📊 Scraping 544172 - Indegene Ltd...

📊 Scraping 532215 - AXIS Bank Ltd...
  Found 50 announcements
  💾 Saved 0 new announcements
  Found 33 announcements
  💾 Saved 0 new announcements

✅ Scraping completed in 10.84 seconds!
⚡ Average: 5.42s per stock

================================================================================
⏰ Scheduled run at 2025-10-12 10:57:54
================================================================================

🚀 Starting parallel scraper...

📋 Found 2 active stocks to scrape


📊 Scraping 544172 - Indegene Ltd...

📊 Scraping 532215 - AXIS Bank Ltd...
  Found 33 announcements
  Found 50 announcements
  💾 Saved 0 new announcements
  💾 Saved 0 new announcements

✅ Scraping completed in 11.03 seconds!
⚡ Average: 5.52s per stock

================================================================================
⏰ Scheduled run at 2025-10-12 10:59:06
================================================================================

🚀 Starting parallel scraper...

📋 Found 2 active stocks to scrape


📊 Scraping 544172 - Indegene Ltd...

📊 Scraping 532215 - AXIS Bank Ltd...
  Found 50 announcements
  💾 Saved 0 new announcements
  Found 33 announcements
  💾 Saved 0 new announcements

✅ Scraping completed in 10.85 seconds!
⚡ Average: 5.42s per stock

================================================================================
⏰ Scheduled run at 2025-10-12 11:00:17
================================================================================

🚀 Starting parallel scraper...

📋 Found 2 active stocks to scrape


📊 Scraping 544172 - Indegene Ltd...

📊 Scraping 532215 - AXIS Bank Ltd...
  Found 33 announcements
  💾 Saved 0 new announcements
  Found 50 announcements
  💾 Saved 0 new announcements

✅ Scraping completed in 10.98 seconds!
⚡ Average: 5.49s per stock

================================================================================
⏰ Scheduled run at 2025-10-12 11:01:28
================================================================================

🚀 Starting parallel scraper...

📋 Found 2 active stocks to scrape


📊 Scraping 544172 - Indegene Ltd...

📊 Scraping 532215 - AXIS Bank Ltd...
  Found 33 announcements
  💾 Saved 0 new announcements
  Found 50 announcements
  💾 Saved 0 new announcements

✅ Scraping completed in 10.90 seconds!
⚡ Average: 5.45s per stock

================================================================================
⏰ Scheduled run at 2025-10-12 11:02:39
================================================================================

🚀 Starting parallel scraper...

📋 Found 2 active stocks to scrape


📊 Scraping 544172 - Indegene Ltd...

📊 Scraping 532215 - AXIS Bank Ltd...
  Found 33 announcements
  Found 50 announcements
  💾 Saved 0 new announcements
  💾 Saved 0 new announcements

✅ Scraping completed in 11.48 seconds!
⚡ Average: 5.74s per stock

================================================================================
⏰ Scheduled run at 2025-10-12 11:03:51
================================================================================

🚀 Starting parallel scraper...

📋 Found 2 active stocks to scrape


📊 Scraping 544172 - Indegene Ltd...

📊 Scraping 532215 - AXIS Bank Ltd...
  Found 33 announcements
  💾 Saved 0 new announcements
  Found 50 announcements
  💾 Saved 0 new announcements

✅ Scraping completed in 11.41 seconds!
⚡ Average: 5.70s per stock

================================================================================
⏰ Scheduled run at 2025-10-12 11:05:02
================================================================================

🚀 Starting parallel scraper...

📋 Found 2 active stocks to scrape


📊 Scraping 544172 - Indegene Ltd...

📊 Scraping 532215 - AXIS Bank Ltd...
  Found 33 announcements
  Found 50 announcements
  💾 Saved 0 new announcements
  💾 Saved 0 new announcements

✅ Scraping completed in 10.98 seconds!
⚡ Average: 5.49s per stock

================================================================================
⏰ Scheduled run at 2025-10-12 11:06:14
================================================================================

🚀 Starting parallel scraper...

📋 Found 2 active stocks to scrape


📊 Scraping 544172 - Indegene Ltd...

📊 Scraping 532215 - AXIS Bank Ltd...
  Found 50 announcements
  💾 Saved 0 new announcements
  Found 33 announcements
  💾 Saved 0 new announcements

✅ Scraping completed in 10.86 seconds!
⚡ Average: 5.43s per stock

================================================================================
⏰ Scheduled run at 2025-10-12 11:07:25
================================================================================

🚀 Starting parallel scraper...

📋 Found 2 active stocks to scrape


📊 Scraping 544172 - Indegene Ltd...

📊 Scraping 532215 - AXIS Bank Ltd...
  Found 33 announcements
  Found 50 announcements
  💾 Saved 0 new announcements
  💾 Saved 0 new announcements

✅ Scraping completed in 10.96 seconds!
⚡ Average: 5.48s per stock

================================================================================
⏰ Scheduled run at 2025-10-12 11:08:36
================================================================================

🚀 Starting parallel scraper...

📋 Found 2 active stocks to scrape


📊 Scraping 544172 - Indegene Ltd...

📊 Scraping 532215 - AXIS Bank Ltd...
  Found 33 announcements
  Found 50 announcements
  💾 Saved 0 new announcements
  💾 Saved 0 new announcements

✅ Scraping completed in 11.47 seconds!
⚡ Average: 5.73s per stock

================================================================================
⏰ Scheduled run at 2025-10-12 11:09:48
================================================================================

🚀 Starting parallel scraper...

📋 Found 2 active stocks to scrape


📊 Scraping 544172 - Indegene Ltd...

📊 Scraping 532215 - AXIS Bank Ltd...
  Found 33 announcements
  Found 50 announcements
  💾 Saved 0 new announcements
  💾 Saved 0 new announcements

✅ Scraping completed in 10.99 seconds!
⚡ Average: 5.50s per stock

================================================================================
⏰ Scheduled run at 2025-10-12 11:10:59
================================================================================

🚀 Starting parallel scraper...

📋 Found 2 active stocks to scrape


📊 Scraping 544172 - Indegene Ltd...

📊 Scraping 532215 - AXIS Bank Ltd...
  Found 33 announcements
  💾 Saved 0 new announcements
  Found 50 announcements
  💾 Saved 0 new announcements

✅ Scraping completed in 10.95 seconds!
⚡ Average: 5.47s per stock

================================================================================
⏰ Scheduled run at 2025-10-12 11:12:10
================================================================================

🚀 Starting parallel scraper...

📋 Found 2 active stocks to scrape


📊 Scraping 544172 - Indegene Ltd...

📊 Scraping 532215 - AXIS Bank Ltd...
  Found 33 announcements
  💾 Saved 0 new announcements
  Found 50 announcements
  💾 Saved 0 new announcements

✅ Scraping completed in 10.94 seconds!
⚡ Average: 5.47s per stock

================================================================================
⏰ Scheduled run at 2025-10-12 11:13:21
================================================================================

🚀 Starting parallel scraper...

📋 Found 2 active stocks to scrape


📊 Scraping 544172 - Indegene Ltd...

📊 Scraping 532215 - AXIS Bank Ltd...
  Found 50 announcements
  💾 Saved 0 new announcements
  Found 33 announcements
  💾 Saved 0 new announcements

✅ Scraping completed in 10.87 seconds!
⚡ Average: 5.43s per stock

================================================================================
⏰ Scheduled run at 2025-10-12 11:14:32
================================================================================

🚀 Starting parallel scraper...

📋 Found 2 active stocks to scrape


📊 Scraping 544172 - Indegene Ltd...

📊 Scraping 532215 - AXIS Bank Ltd...
  Found 33 announcements
  Found 50 announcements
  💾 Saved 0 new announcements
  💾 Saved 0 new announcements

✅ Scraping completed in 10.52 seconds!
⚡ Average: 5.26s per stock

================================================================================
⏰ Scheduled run at 2025-10-12 11:15:43
================================================================================

🚀 Starting parallel scraper...

📋 Found 2 active stocks to scrape


📊 Scraping 544172 - Indegene Ltd...

📊 Scraping 532215 - AXIS Bank Ltd...
  Found 33 announcements
  Found 50 announcements
  💾 Saved 0 new announcements
  💾 Saved 0 new announcements

✅ Scraping completed in 10.97 seconds!
⚡ Average: 5.49s per stock

================================================================================
⏰ Scheduled run at 2025-10-12 11:16:54
================================================================================

🚀 Starting parallel scraper...

📋 Found 2 active stocks to scrape


📊 Scraping 544172 - Indegene Ltd...

📊 Scraping 532215 - AXIS Bank Ltd...
  Found 50 announcements
  Found 33 announcements
  💾 Saved 0 new announcements
  💾 Saved 0 new announcements

✅ Scraping completed in 11.50 seconds!
⚡ Average: 5.75s per stock

================================================================================
⏰ Scheduled run at 2025-10-12 11:18:06
================================================================================

🚀 Starting parallel scraper...

📋 Found 2 active stocks to scrape


📊 Scraping 544172 - Indegene Ltd...

📊 Scraping 532215 - AXIS Bank Ltd...
  Found 33 announcements
  💾 Saved 0 new announcements
  Found 50 announcements
  💾 Saved 0 new announcements

✅ Scraping completed in 11.49 seconds!
⚡ Average: 5.75s per stock

================================================================================
⏰ Scheduled run at 2025-10-12 11:19:18
================================================================================

🚀 Starting parallel scraper...

📋 Found 2 active stocks to scrape


📊 Scraping 544172 - Indegene Ltd...

📊 Scraping 532215 - AXIS Bank Ltd...
  Found 33 announcements
  💾 Saved 0 new announcements
  Found 50 announcements
  💾 Saved 0 new announcements

✅ Scraping completed in 10.50 seconds!
⚡ Average: 5.25s per stock

================================================================================
⏰ Scheduled run at 2025-10-12 11:20:28
================================================================================

🚀 Starting parallel scraper...

📋 Found 2 active stocks to scrape


📊 Scraping 544172 - Indegene Ltd...

📊 Scraping 532215 - AXIS Bank Ltd...
  Found 33 announcements
  💾 Saved 0 new announcements
  Found 50 announcements
  💾 Saved 0 new announcements

✅ Scraping completed in 10.92 seconds!
⚡ Average: 5.46s per stock

================================================================================
⏰ Scheduled run at 2025-10-12 11:21:39
================================================================================

🚀 Starting parallel scraper...

📋 Found 2 active stocks to scrape


📊 Scraping 544172 - Indegene Ltd...

📊 Scraping 532215 - AXIS Bank Ltd...
  Found 33 announcements
  Found 50 announcements
  💾 Saved 0 new announcements
  💾 Saved 0 new announcements

✅ Scraping completed in 10.97 seconds!
⚡ Average: 5.48s per stock

================================================================================
⏰ Scheduled run at 2025-10-12 11:22:51
================================================================================

🚀 Starting parallel scraper...

📋 Found 2 active stocks to scrape


📊 Scraping 544172 - Indegene Ltd...

📊 Scraping 532215 - AXIS Bank Ltd...
  Found 33 announcements
  💾 Saved 0 new announcements
  Found 50 announcements
  💾 Saved 0 new announcements

✅ Scraping completed in 11.45 seconds!
⚡ Average: 5.73s per stock

================================================================================
⏰ Scheduled run at 2025-10-12 11:24:02
================================================================================

🚀 Starting parallel scraper...

📋 Found 2 active stocks to scrape


📊 Scraping 544172 - Indegene Ltd...

📊 Scraping 532215 - AXIS Bank Ltd...
  Found 50 announcements
  💾 Saved 0 new announcements
  Found 33 announcements
  💾 Saved 0 new announcements

✅ Scraping completed in 11.37 seconds!
⚡ Average: 5.68s per stock

================================================================================
⏰ Scheduled run at 2025-10-12 11:25:14
================================================================================

🚀 Starting parallel scraper...

📋 Found 2 active stocks to scrape


📊 Scraping 544172 - Indegene Ltd...

📊 Scraping 532215 - AXIS Bank Ltd...
  Found 33 announcements
  💾 Saved 0 new announcements
  Found 50 announcements
  💾 Saved 0 new announcements

✅ Scraping completed in 10.44 seconds!
⚡ Average: 5.22s per stock

================================================================================
⏰ Scheduled run at 2025-10-12 11:26:25
================================================================================

🚀 Starting parallel scraper...

📋 Found 2 active stocks to scrape


📊 Scraping 544172 - Indegene Ltd...

📊 Scraping 532215 - AXIS Bank Ltd...
  Found 33 announcements
  💾 Saved 0 new announcements
  Found 50 announcements
  💾 Saved 0 new announcements

✅ Scraping completed in 10.92 seconds!
⚡ Average: 5.46s per stock

================================================================================
⏰ Scheduled run at 2025-10-12 11:27:36
================================================================================

🚀 Starting parallel scraper...

📋 Found 2 active stocks to scrape


📊 Scraping 544172 - Indegene Ltd...

📊 Scraping 532215 - AXIS Bank Ltd...
  Found 33 announcements
  Found 50 announcements
  💾 Saved 0 new announcements
  💾 Saved 0 new announcements

✅ Scraping completed in 11.00 seconds!
⚡ Average: 5.50s per stock

================================================================================
⏰ Scheduled run at 2025-10-12 11:28:47
================================================================================

🚀 Starting parallel scraper...

📋 Found 2 active stocks to scrape


📊 Scraping 544172 - Indegene Ltd...

📊 Scraping 532215 - AXIS Bank Ltd...
  Found 33 announcements
  Found 50 announcements
  💾 Saved 0 new announcements
  💾 Saved 0 new announcements

✅ Scraping completed in 11.51 seconds!
⚡ Average: 5.75s per stock

================================================================================
⏰ Scheduled run at 2025-10-12 11:29:59
================================================================================

🚀 Starting parallel scraper...

📋 Found 2 active stocks to scrape


📊 Scraping 544172 - Indegene Ltd...

📊 Scraping 532215 - AXIS Bank Ltd...
  Found 33 announcements
  💾 Saved 0 new announcements
  Found 50 announcements
  💾 Saved 0 new announcements

✅ Scraping completed in 12.49 seconds!
⚡ Average: 6.24s per stock

================================================================================
⏰ Scheduled run at 2025-10-12 11:31:12
================================================================================

🚀 Starting parallel scraper...

📋 Found 2 active stocks to scrape


📊 Scraping 544172 - Indegene Ltd...

📊 Scraping 532215 - AXIS Bank Ltd...
  Found 33 announcements
  Found 50 announcements
  💾 Saved 0 new announcements
  💾 Saved 0 new announcements

✅ Scraping completed in 9.93 seconds!
⚡ Average: 4.96s per stock

================================================================================
⏰ Scheduled run at 2025-10-12 11:32:22
================================================================================

🚀 Starting parallel scraper...

📋 Found 2 active stocks to scrape


📊 Scraping 544172 - Indegene Ltd...

📊 Scraping 532215 - AXIS Bank Ltd...
  Found 33 announcements
  Found 50 announcements
  💾 Saved 0 new announcements
  💾 Saved 0 new announcements

✅ Scraping completed in 10.97 seconds!
⚡ Average: 5.48s per stock

================================================================================
⏰ Scheduled run at 2025-10-12 11:33:33
================================================================================

🚀 Starting parallel scraper...

📋 Found 2 active stocks to scrape


📊 Scraping 544172 - Indegene Ltd...

📊 Scraping 532215 - AXIS Bank Ltd...
  Found 50 announcements
  💾 Saved 0 new announcements
  Found 33 announcements
  💾 Saved 0 new announcements

✅ Scraping completed in 10.83 seconds!
⚡ Average: 5.41s per stock

================================================================================
⏰ Scheduled run at 2025-10-12 11:34:44
================================================================================

🚀 Starting parallel scraper...

📋 Found 2 active stocks to scrape


📊 Scraping 544172 - Indegene Ltd...

📊 Scraping 532215 - AXIS Bank Ltd...
  Found 33 announcements
  💾 Saved 0 new announcements
  Found 50 announcements
  💾 Saved 0 new announcements

✅ Scraping completed in 10.96 seconds!
⚡ Average: 5.48s per stock

================================================================================
⏰ Scheduled run at 2025-10-12 11:35:55
================================================================================

🚀 Starting parallel scraper...

📋 Found 2 active stocks to scrape


📊 Scraping 544172 - Indegene Ltd...

📊 Scraping 532215 - AXIS Bank Ltd...
  Found 33 announcements
  💾 Saved 0 new announcements
  Found 50 announcements
  💾 Saved 0 new announcements

✅ Scraping completed in 10.94 seconds!
⚡ Average: 5.47s per stock

================================================================================
⏰ Scheduled run at 2025-10-12 11:37:06
================================================================================

🚀 Starting parallel scraper...

📋 Found 2 active stocks to scrape


📊 Scraping 544172 - Indegene Ltd...

📊 Scraping 532215 - AXIS Bank Ltd...
  Found 50 announcements
  💾 Saved 0 new announcements
  Found 33 announcements
  💾 Saved 0 new announcements

✅ Scraping completed in 11.34 seconds!
⚡ Average: 5.67s per stock

================================================================================
⏰ Scheduled run at 2025-10-12 11:38:18
================================================================================

🚀 Starting parallel scraper...

📋 Found 2 active stocks to scrape


📊 Scraping 544172 - Indegene Ltd...

📊 Scraping 532215 - AXIS Bank Ltd...
  Found 33 announcements
  Found 50 announcements
  💾 Saved 0 new announcements
  💾 Saved 0 new announcements

✅ Scraping completed in 10.51 seconds!
⚡ Average: 5.25s per stock

================================================================================
⏰ Scheduled run at 2025-10-12 11:39:29
================================================================================

🚀 Starting parallel scraper...

📋 Found 2 active stocks to scrape


📊 Scraping 544172 - Indegene Ltd...

📊 Scraping 532215 - AXIS Bank Ltd...
  Found 33 announcements
  Found 50 announcements
  💾 Saved 0 new announcements
  💾 Saved 0 new announcements

✅ Scraping completed in 11.44 seconds!
⚡ Average: 5.72s per stock

================================================================================
⏰ Scheduled run at 2025-10-12 11:40:40
================================================================================

🚀 Starting parallel scraper...

📋 Found 2 active stocks to scrape


📊 Scraping 544172 - Indegene Ltd...

📊 Scraping 532215 - AXIS Bank Ltd...
  Found 33 announcements
  Found 50 announcements
  💾 Saved 0 new announcements
  💾 Saved 0 new announcements

✅ Scraping completed in 10.98 seconds!
⚡ Average: 5.49s per stock

================================================================================
⏰ Scheduled run at 2025-10-12 11:41:51
================================================================================

🚀 Starting parallel scraper...

📋 Found 2 active stocks to scrape


📊 Scraping 544172 - Indegene Ltd...

📊 Scraping 532215 - AXIS Bank Ltd...
  Found 33 announcements
  💾 Saved 0 new announcements
  Found 50 announcements
  💾 Saved 0 new announcements

✅ Scraping completed in 11.40 seconds!
⚡ Average: 5.70s per stock

================================================================================
⏰ Scheduled run at 2025-10-12 11:43:03
================================================================================

🚀 Starting parallel scraper...

📋 Found 2 active stocks to scrape


📊 Scraping 544172 - Indegene Ltd...

📊 Scraping 532215 - AXIS Bank Ltd...
  Found 33 announcements
  Found 50 announcements
  💾 Saved 0 new announcements
  💾 Saved 0 new announcements

✅ Scraping completed in 11.02 seconds!
⚡ Average: 5.51s per stock

================================================================================
⏰ Scheduled run at 2025-10-12 11:44:14
================================================================================

🚀 Starting parallel scraper...

📋 Found 2 active stocks to scrape


📊 Scraping 544172 - Indegene Ltd...

📊 Scraping 532215 - AXIS Bank Ltd...
  Found 33 announcements
  💾 Saved 0 new announcements
  Found 50 announcements
  💾 Saved 0 new announcements

✅ Scraping completed in 10.92 seconds!
⚡ Average: 5.46s per stock

================================================================================
⏰ Scheduled run at 2025-10-12 11:45:25
================================================================================

🚀 Starting parallel scraper...

📋 Found 2 active stocks to scrape


📊 Scraping 544172 - Indegene Ltd...

📊 Scraping 532215 - AXIS Bank Ltd...
  Found 33 announcements
  Found 50 announcements
  💾 Saved 0 new announcements
  💾 Saved 0 new announcements

✅ Scraping completed in 10.98 seconds!
⚡ Average: 5.49s per stock

================================================================================
⏰ Scheduled run at 2025-10-12 11:46:37
================================================================================

🚀 Starting parallel scraper...

📋 Found 2 active stocks to scrape


📊 Scraping 544172 - Indegene Ltd...

📊 Scraping 532215 - AXIS Bank Ltd...
  Found 33 announcements
  Found 50 announcements
  💾 Saved 0 new announcements
  💾 Saved 0 new announcements

✅ Scraping completed in 10.93 seconds!
⚡ Average: 5.47s per stock

================================================================================
⏰ Scheduled run at 2025-10-12 11:47:48
================================================================================

🚀 Starting parallel scraper...

📋 Found 2 active stocks to scrape


📊 Scraping 544172 - Indegene Ltd...

📊 Scraping 532215 - AXIS Bank Ltd...
  Found 33 announcements
  Found 50 announcements
  💾 Saved 0 new announcements
  💾 Saved 0 new announcements

✅ Scraping completed in 11.52 seconds!
⚡ Average: 5.76s per stock

================================================================================
⏰ Scheduled run at 2025-10-12 11:49:00
================================================================================

🚀 Starting parallel scraper...

📋 Found 2 active stocks to scrape


📊 Scraping 544172 - Indegene Ltd...

📊 Scraping 532215 - AXIS Bank Ltd...
  Found 50 announcements
  💾 Saved 0 new announcements
  Found 33 announcements
  💾 Saved 0 new announcements

✅ Scraping completed in 10.86 seconds!
⚡ Average: 5.43s per stock

================================================================================
⏰ Scheduled run at 2025-10-12 11:50:11
================================================================================

🚀 Starting parallel scraper...

📋 Found 2 active stocks to scrape


📊 Scraping 544172 - Indegene Ltd...

📊 Scraping 532215 - AXIS Bank Ltd...
  Found 33 announcements
  Found 50 announcements
  💾 Saved 0 new announcements
  💾 Saved 0 new announcements

✅ Scraping completed in 10.99 seconds!
⚡ Average: 5.49s per stock

================================================================================
⏰ Scheduled run at 2025-10-12 11:51:22
================================================================================

🚀 Starting parallel scraper...

📋 Found 2 active stocks to scrape


📊 Scraping 544172 - Indegene Ltd...

📊 Scraping 532215 - AXIS Bank Ltd...
  Found 50 announcements
  💾 Saved 0 new announcements
  Found 33 announcements
  💾 Saved 0 new announcements

✅ Scraping completed in 10.85 seconds!
⚡ Average: 5.42s per stock

================================================================================
⏰ Scheduled run at 2025-10-12 11:52:33
================================================================================

🚀 Starting parallel scraper...

📋 Found 2 active stocks to scrape


📊 Scraping 544172 - Indegene Ltd...

📊 Scraping 532215 - AXIS Bank Ltd...
  Found 50 announcements
  💾 Saved 0 new announcements
  Found 33 announcements
  💾 Saved 0 new announcements

✅ Scraping completed in 10.84 seconds!
⚡ Average: 5.42s per stock

================================================================================
⏰ Scheduled run at 2025-10-12 11:53:44
================================================================================

🚀 Starting parallel scraper...

📋 Found 2 active stocks to scrape


📊 Scraping 544172 - Indegene Ltd...

📊 Scraping 532215 - AXIS Bank Ltd...
  Found 33 announcements
  Found 50 announcements
  💾 Saved 0 new announcements
  💾 Saved 0 new announcements

✅ Scraping completed in 11.01 seconds!
⚡ Average: 5.50s per stock

================================================================================
⏰ Scheduled run at 2025-10-12 11:54:55
================================================================================

🚀 Starting parallel scraper...

📋 Found 2 active stocks to scrape


📊 Scraping 544172 - Indegene Ltd...

📊 Scraping 532215 - AXIS Bank Ltd...
  Found 33 announcements
  Found 50 announcements
  💾 Saved 0 new announcements
  💾 Saved 0 new announcements

✅ Scraping completed in 11.51 seconds!
⚡ Average: 5.75s per stock

================================================================================
⏰ Scheduled run at 2025-10-12 11:56:07
================================================================================

🚀 Starting parallel scraper...

📋 Found 2 active stocks to scrape


📊 Scraping 544172 - Indegene Ltd...

📊 Scraping 532215 - AXIS Bank Ltd...
  Found 33 announcements
  💾 Saved 0 new announcements
  Found 50 announcements
  💾 Saved 0 new announcements

✅ Scraping completed in 9.94 seconds!
⚡ Average: 4.97s per stock

================================================================================
⏰ Scheduled run at 2025-10-12 11:57:17
================================================================================

🚀 Starting parallel scraper...

📋 Found 2 active stocks to scrape


📊 Scraping 544172 - Indegene Ltd...

📊 Scraping 532215 - AXIS Bank Ltd...
  Found 33 announcements
  💾 Saved 0 new announcements
  Found 50 announcements
  💾 Saved 0 new announcements

✅ Scraping completed in 11.46 seconds!
⚡ Average: 5.73s per stock

================================================================================
⏰ Scheduled run at 2025-10-12 11:58:29
================================================================================

🚀 Starting parallel scraper...

📋 Found 2 active stocks to scrape


📊 Scraping 544172 - Indegene Ltd...

📊 Scraping 532215 - AXIS Bank Ltd...
  Found 33 announcements
  💾 Saved 0 new announcements
  Found 50 announcements
  💾 Saved 0 new announcements

✅ Scraping completed in 11.46 seconds!
⚡ Average: 5.73s per stock

================================================================================
⏰ Scheduled run at 2025-10-12 11:59:41
================================================================================

🚀 Starting parallel scraper...

📋 Found 2 active stocks to scrape


📊 Scraping 544172 - Indegene Ltd...

📊 Scraping 532215 - AXIS Bank Ltd...
  Found 33 announcements
  💾 Saved 0 new announcements
  Found 50 announcements
  💾 Saved 0 new announcements

✅ Scraping completed in 11.48 seconds!
⚡ Average: 5.74s per stock

================================================================================
⏰ Scheduled run at 2025-10-12 12:00:52
================================================================================

🚀 Starting parallel scraper...

📋 Found 2 active stocks to scrape


📊 Scraping 544172 - Indegene Ltd...

📊 Scraping 532215 - AXIS Bank Ltd...
  Found 33 announcements
  Found 50 announcements
  💾 Saved 0 new announcements
  💾 Saved 0 new announcements

✅ Scraping completed in 10.98 seconds!
⚡ Average: 5.49s per stock

================================================================================
⏰ Scheduled run at 2025-10-12 12:02:03
================================================================================

🚀 Starting parallel scraper...

📋 Found 2 active stocks to scrape


📊 Scraping 544172 - Indegene Ltd...

📊 Scraping 532215 - AXIS Bank Ltd...
  Found 33 announcements
  💾 Saved 0 new announcements
  Found 50 announcements
  💾 Saved 0 new announcements

✅ Scraping completed in 10.97 seconds!
⚡ Average: 5.49s per stock

================================================================================
⏰ Scheduled run at 2025-10-12 12:03:15
================================================================================

🚀 Starting parallel scraper...

📋 Found 2 active stocks to scrape


📊 Scraping 544172 - Indegene Ltd...

📊 Scraping 532215 - AXIS Bank Ltd...
  Found 33 announcements
  Found 50 announcements
  💾 Saved 0 new announcements
  💾 Saved 0 new announcements

✅ Scraping completed in 10.57 seconds!
⚡ Average: 5.28s per stock

================================================================================
⏰ Scheduled run at 2025-10-12 12:04:25
================================================================================

🚀 Starting parallel scraper...

📋 Found 2 active stocks to scrape


📊 Scraping 544172 - Indegene Ltd...

📊 Scraping 532215 - AXIS Bank Ltd...
  Found 33 announcements
  Found 50 announcements
  💾 Saved 0 new announcements
  💾 Saved 0 new announcements

✅ Scraping completed in 11.52 seconds!
⚡ Average: 5.76s per stock

================================================================================
⏰ Scheduled run at 2025-10-12 12:05:37
================================================================================

🚀 Starting parallel scraper...

📋 Found 2 active stocks to scrape


📊 Scraping 544172 - Indegene Ltd...

📊 Scraping 532215 - AXIS Bank Ltd...
  Found 50 announcements
  Found 33 announcements
  💾 Saved 0 new announcements
  💾 Saved 0 new announcements

✅ Scraping completed in 10.97 seconds!
⚡ Average: 5.48s per stock

================================================================================
⏰ Scheduled run at 2025-10-12 12:06:48
================================================================================

🚀 Starting parallel scraper...

📋 Found 2 active stocks to scrape


📊 Scraping 544172 - Indegene Ltd...

📊 Scraping 532215 - AXIS Bank Ltd...
  Found 33 announcements
  💾 Saved 0 new announcements
  Found 50 announcements
  💾 Saved 0 new announcements

✅ Scraping completed in 10.97 seconds!
⚡ Average: 5.48s per stock

================================================================================
⏰ Scheduled run at 2025-10-12 12:08:00
================================================================================

🚀 Starting parallel scraper...

📋 Found 2 active stocks to scrape


📊 Scraping 544172 - Indegene Ltd...

📊 Scraping 532215 - AXIS Bank Ltd...
  Found 33 announcements
  Found 50 announcements
  💾 Saved 0 new announcements
  💾 Saved 0 new announcements

✅ Scraping completed in 10.47 seconds!
⚡ Average: 5.24s per stock

================================================================================
⏰ Scheduled run at 2025-10-12 12:09:10
================================================================================

🚀 Starting parallel scraper...

📋 Found 2 active stocks to scrape


📊 Scraping 544172 - Indegene Ltd...

📊 Scraping 532215 - AXIS Bank Ltd...
  Found 33 announcements
  Found 50 announcements
  💾 Saved 0 new announcements
  💾 Saved 0 new announcements

✅ Scraping completed in 10.97 seconds!
⚡ Average: 5.49s per stock

================================================================================
⏰ Scheduled run at 2025-10-12 12:10:21
================================================================================

🚀 Starting parallel scraper...

📋 Found 2 active stocks to scrape


📊 Scraping 544172 - Indegene Ltd...

📊 Scraping 532215 - AXIS Bank Ltd...
  Found 33 announcements
  Found 50 announcements
  💾 Saved 0 new announcements
  💾 Saved 0 new announcements

✅ Scraping completed in 11.49 seconds!
⚡ Average: 5.75s per stock

================================================================================
⏰ Scheduled run at 2025-10-12 12:11:33
================================================================================

🚀 Starting parallel scraper...

📋 Found 2 active stocks to scrape


📊 Scraping 544172 - Indegene Ltd...

📊 Scraping 532215 - AXIS Bank Ltd...
  Found 33 announcements
  Found 50 announcements
  💾 Saved 0 new announcements
  💾 Saved 0 new announcements

✅ Scraping completed in 11.05 seconds!
⚡ Average: 5.52s per stock

================================================================================
⏰ Scheduled run at 2025-10-12 12:12:44
================================================================================

🚀 Starting parallel scraper...

📋 Found 2 active stocks to scrape


📊 Scraping 544172 - Indegene Ltd...

📊 Scraping 532215 - AXIS Bank Ltd...
  Found 33 announcements
  💾 Saved 0 new announcements
  Found 50 announcements
  💾 Saved 0 new announcements

✅ Scraping completed in 11.51 seconds!
⚡ Average: 5.75s per stock

================================================================================
⏰ Scheduled run at 2025-10-12 12:13:56
================================================================================

🚀 Starting parallel scraper...

📋 Found 2 active stocks to scrape


📊 Scraping 544172 - Indegene Ltd...

📊 Scraping 532215 - AXIS Bank Ltd...
  Found 50 announcements
  Found 33 announcements
  💾 Saved 0 new announcements
  💾 Saved 0 new announcements

✅ Scraping completed in 10.50 seconds!
⚡ Average: 5.25s per stock

================================================================================
⏰ Scheduled run at 2025-10-12 12:15:07
================================================================================

🚀 Starting parallel scraper...

📋 Found 2 active stocks to scrape


📊 Scraping 544172 - Indegene Ltd...
📊 Scraping 532215 - AXIS Bank Ltd...

  Found 50 announcements
  💾 Saved 0 new announcements
  Found 33 announcements
  💾 Saved 0 new announcements

✅ Scraping completed in 10.87 seconds!
⚡ Average: 5.43s per stock

================================================================================
⏰ Scheduled run at 2025-10-12 12:16:18
================================================================================

🚀 Starting parallel scraper...

📋 Found 2 active stocks to scrape


📊 Scraping 544172 - Indegene Ltd...

📊 Scraping 532215 - AXIS Bank Ltd...
  Found 33 announcements
  Found 50 announcements
  💾 Saved 0 new announcements
  💾 Saved 0 new announcements

✅ Scraping completed in 11.02 seconds!
⚡ Average: 5.51s per stock

================================================================================
⏰ Scheduled run at 2025-10-12 12:17:29
================================================================================

🚀 Starting parallel scraper...

📋 Found 2 active stocks to scrape


📊 Scraping 544172 - Indegene Ltd...

📊 Scraping 532215 - AXIS Bank Ltd...
  Found 33 announcements
  Found 50 announcements
  💾 Saved 0 new announcements
  💾 Saved 0 new announcements

✅ Scraping completed in 10.51 seconds!
⚡ Average: 5.25s per stock

================================================================================
⏰ Scheduled run at 2025-10-12 12:18:40
================================================================================

🚀 Starting parallel scraper...

📋 Found 2 active stocks to scrape


📊 Scraping 544172 - Indegene Ltd...

📊 Scraping 532215 - AXIS Bank Ltd...
  Found 50 announcements
  💾 Saved 0 new announcements
  Found 33 announcements
  💾 Saved 0 new announcements

✅ Scraping completed in 11.35 seconds!
⚡ Average: 5.67s per stock

================================================================================
⏰ Scheduled run at 2025-10-12 12:19:52
================================================================================

🚀 Starting parallel scraper...

📋 Found 2 active stocks to scrape


📊 Scraping 544172 - Indegene Ltd...

📊 Scraping 532215 - AXIS Bank Ltd...
  Found 50 announcements
  💾 Saved 0 new announcements
  Found 33 announcements
  💾 Saved 0 new announcements

✅ Scraping completed in 10.85 seconds!
⚡ Average: 5.42s per stock

================================================================================
⏰ Scheduled run at 2025-10-12 12:21:03
================================================================================

🚀 Starting parallel scraper...

📋 Found 2 active stocks to scrape


📊 Scraping 544172 - Indegene Ltd...

📊 Scraping 532215 - AXIS Bank Ltd...
  Found 33 announcements
  Found 50 announcements
  💾 Saved 0 new announcements
  💾 Saved 0 new announcements

✅ Scraping completed in 11.49 seconds!
⚡ Average: 5.74s per stock

================================================================================
⏰ Scheduled run at 2025-10-12 12:22:14
================================================================================

🚀 Starting parallel scraper...

📋 Found 2 active stocks to scrape


📊 Scraping 544172 - Indegene Ltd...

📊 Scraping 532215 - AXIS Bank Ltd...
  Found 33 announcements
  Found 50 announcements
  💾 Saved 0 new announcements
  💾 Saved 0 new announcements

✅ Scraping completed in 10.98 seconds!
⚡ Average: 5.49s per stock

================================================================================
⏰ Scheduled run at 2025-10-12 12:23:25
================================================================================

🚀 Starting parallel scraper...

📋 Found 2 active stocks to scrape


📊 Scraping 544172 - Indegene Ltd...

📊 Scraping 532215 - AXIS Bank Ltd...
  Found 33 announcements
  Found 50 announcements
  💾 Saved 0 new announcements
  💾 Saved 0 new announcements

✅ Scraping completed in 10.99 seconds!
⚡ Average: 5.50s per stock

================================================================================
⏰ Scheduled run at 2025-10-12 12:24:37
================================================================================

🚀 Starting parallel scraper...

📋 Found 2 active stocks to scrape


📊 Scraping 544172 - Indegene Ltd...

📊 Scraping 532215 - AXIS Bank Ltd...
  Found 33 announcements
  💾 Saved 0 new announcements
  Found 50 announcements
  💾 Saved 0 new announcements

✅ Scraping completed in 10.99 seconds!
⚡ Average: 5.50s per stock

================================================================================
⏰ Scheduled run at 2025-10-12 12:25:48
================================================================================

🚀 Starting parallel scraper...

📋 Found 2 active stocks to scrape


📊 Scraping 544172 - Indegene Ltd...

📊 Scraping 532215 - AXIS Bank Ltd...
  Found 33 announcements
  Found 50 announcements
  💾 Saved 0 new announcements
  💾 Saved 0 new announcements

✅ Scraping completed in 10.99 seconds!
⚡ Average: 5.49s per stock

================================================================================
⏰ Scheduled run at 2025-10-12 12:26:59
================================================================================

🚀 Starting parallel scraper...

📋 Found 2 active stocks to scrape


📊 Scraping 544172 - Indegene Ltd...

📊 Scraping 532215 - AXIS Bank Ltd...
  Found 33 announcements
  Found 50 announcements
  💾 Saved 0 new announcements
  💾 Saved 0 new announcements

✅ Scraping completed in 10.97 seconds!
⚡ Average: 5.48s per stock

================================================================================
⏰ Scheduled run at 2025-10-12 12:28:10
================================================================================

🚀 Starting parallel scraper...

📋 Found 2 active stocks to scrape


📊 Scraping 544172 - Indegene Ltd...

📊 Scraping 532215 - AXIS Bank Ltd...
  Found 33 announcements
  Found 50 announcements
  💾 Saved 0 new announcements
  💾 Saved 0 new announcements

✅ Scraping completed in 11.46 seconds!
⚡ Average: 5.73s per stock

================================================================================
⏰ Scheduled run at 2025-10-12 12:29:22
================================================================================

🚀 Starting parallel scraper...

📋 Found 2 active stocks to scrape


📊 Scraping 544172 - Indegene Ltd...

📊 Scraping 532215 - AXIS Bank Ltd...
  Found 50 announcements
  💾 Saved 0 new announcements
  Found 33 announcements
  💾 Saved 0 new announcements

✅ Scraping completed in 10.37 seconds!
⚡ Average: 5.19s per stock

================================================================================
⏰ Scheduled run at 2025-10-12 12:30:33
================================================================================

🚀 Starting parallel scraper...

📋 Found 2 active stocks to scrape


📊 Scraping 544172 - Indegene Ltd...

📊 Scraping 532215 - AXIS Bank Ltd...
  Found 33 announcements
  Found 50 announcements
  💾 Saved 0 new announcements
  💾 Saved 0 new announcements

✅ Scraping completed in 11.51 seconds!
⚡ Average: 5.75s per stock

================================================================================
⏰ Scheduled run at 2025-10-12 12:31:45
================================================================================

🚀 Starting parallel scraper...

📋 Found 2 active stocks to scrape


📊 Scraping 544172 - Indegene Ltd...

📊 Scraping 532215 - AXIS Bank Ltd...
  Found 50 announcements
  💾 Saved 0 new announcements
  Found 33 announcements
  💾 Saved 0 new announcements

✅ Scraping completed in 22.95 seconds!
⚡ Average: 11.47s per stock

================================================================================
⏰ Scheduled run at 2025-10-12 12:33:08
================================================================================

🚀 Starting parallel scraper...

📋 Found 2 active stocks to scrape


📊 Scraping 544172 - Indegene Ltd...

📊 Scraping 532215 - AXIS Bank Ltd...
  Found 33 announcements
  💾 Saved 0 new announcements
  Found 50 announcements
  💾 Saved 0 new announcements

✅ Scraping completed in 7.93 seconds!
⚡ Average: 3.97s per stock

================================================================================
⏰ Scheduled run at 2025-10-12 12:34:16
================================================================================

🚀 Starting parallel scraper...

📋 Found 2 active stocks to scrape


📊 Scraping 544172 - Indegene Ltd...

📊 Scraping 532215 - AXIS Bank Ltd...
  Found 33 announcements
  💾 Saved 0 new announcements
  Found 50 announcements
  💾 Saved 0 new announcements

✅ Scraping completed in 7.46 seconds!
⚡ Average: 3.73s per stock

================================================================================
⏰ Scheduled run at 2025-10-12 12:35:24
================================================================================

🚀 Starting parallel scraper...

📋 Found 2 active stocks to scrape


📊 Scraping 544172 - Indegene Ltd...

📊 Scraping 532215 - AXIS Bank Ltd...
  Found 33 announcements
  Found 50 announcements
  💾 Saved 0 new announcements
  💾 Saved 0 new announcements

✅ Scraping completed in 7.58 seconds!
⚡ Average: 3.79s per stock

================================================================================
⏰ Scheduled run at 2025-10-12 12:36:32
================================================================================

🚀 Starting parallel scraper...

📋 Found 2 active stocks to scrape


📊 Scraping 544172 - Indegene Ltd...

📊 Scraping 532215 - AXIS Bank Ltd...
  Found 50 announcements
  Found 33 announcements
  💾 Saved 0 new announcements
  💾 Saved 0 new announcements

✅ Scraping completed in 7.08 seconds!
⚡ Average: 3.54s per stock

================================================================================
⏰ Scheduled run at 2025-10-12 12:37:39
================================================================================

🚀 Starting parallel scraper...

📋 Found 2 active stocks to scrape


📊 Scraping 544172 - Indegene Ltd...

📊 Scraping 532215 - AXIS Bank Ltd...
  Found 33 announcements
  Found 50 announcements
  💾 Saved 0 new announcements
  💾 Saved 0 new announcements

✅ Scraping completed in 7.54 seconds!
⚡ Average: 3.77s per stock

================================================================================
⏰ Scheduled run at 2025-10-12 12:38:47
================================================================================

🚀 Starting parallel scraper...

📋 Found 2 active stocks to scrape


📊 Scraping 544172 - Indegene Ltd...

📊 Scraping 532215 - AXIS Bank Ltd...
  Found 33 announcements
  Found 50 announcements
  💾 Saved 0 new announcements
  💾 Saved 0 new announcements

✅ Scraping completed in 7.03 seconds!
⚡ Average: 3.52s per stock

================================================================================
⏰ Scheduled run at 2025-10-12 12:39:54
================================================================================

🚀 Starting parallel scraper...

📋 Found 2 active stocks to scrape


📊 Scraping 544172 - Indegene Ltd...

📊 Scraping 532215 - AXIS Bank Ltd...
  Found 33 announcements
  💾 Saved 0 new announcements
  Found 50 announcements
  💾 Saved 0 new announcements

✅ Scraping completed in 7.54 seconds!
⚡ Average: 3.77s per stock

================================================================================
⏰ Scheduled run at 2025-10-12 12:41:02
================================================================================

🚀 Starting parallel scraper...

📋 Found 2 active stocks to scrape


📊 Scraping 544172 - Indegene Ltd...

📊 Scraping 532215 - AXIS Bank Ltd...
  Found 33 announcements
  Found 50 announcements
  💾 Saved 0 new announcements
  💾 Saved 0 new announcements

✅ Scraping completed in 7.01 seconds!
⚡ Average: 3.51s per stock

================================================================================
⏰ Scheduled run at 2025-10-12 12:42:09
================================================================================

🚀 Starting parallel scraper...

📋 Found 2 active stocks to scrape


📊 Scraping 544172 - Indegene Ltd...

📊 Scraping 532215 - AXIS Bank Ltd...
  Found 33 announcements
  💾 Saved 0 new announcements
  Found 50 announcements
  💾 Saved 0 new announcements

✅ Scraping completed in 7.50 seconds!
⚡ Average: 3.75s per stock

================================================================================
⏰ Scheduled run at 2025-10-12 12:43:17
================================================================================

🚀 Starting parallel scraper...

📋 Found 2 active stocks to scrape


📊 Scraping 544172 - Indegene Ltd...

📊 Scraping 532215 - AXIS Bank Ltd...
  Found 33 announcements
  Found 50 announcements
  💾 Saved 0 new announcements
  💾 Saved 0 new announcements

✅ Scraping completed in 11.03 seconds!
⚡ Average: 5.51s per stock

================================================================================
⏰ Scheduled run at 2025-10-12 12:44:28
================================================================================

🚀 Starting parallel scraper...

📋 Found 2 active stocks to scrape


📊 Scraping 544172 - Indegene Ltd...

📊 Scraping 532215 - AXIS Bank Ltd...
  Found 33 announcements
  💾 Saved 0 new announcements
  Found 50 announcements
  💾 Saved 0 new announcements

✅ Scraping completed in 10.49 seconds!
⚡ Average: 5.25s per stock

================================================================================
⏰ Scheduled run at 2025-10-12 12:45:39
================================================================================

🚀 Starting parallel scraper...

📋 Found 2 active stocks to scrape


📊 Scraping 544172 - Indegene Ltd...

📊 Scraping 532215 - AXIS Bank Ltd...
  Found 33 announcements
  💾 Saved 0 new announcements
  Found 50 announcements
  💾 Saved 0 new announcements

✅ Scraping completed in 10.55 seconds!
⚡ Average: 5.28s per stock

================================================================================
⏰ Scheduled run at 2025-10-12 12:46:50
================================================================================

🚀 Starting parallel scraper...

📋 Found 2 active stocks to scrape


📊 Scraping 544172 - Indegene Ltd...

📊 Scraping 532215 - AXIS Bank Ltd...
  Found 33 announcements
  💾 Saved 0 new announcements
  Found 50 announcements
  💾 Saved 0 new announcements

✅ Scraping completed in 10.03 seconds!
⚡ Average: 5.01s per stock

================================================================================
⏰ Scheduled run at 2025-10-12 12:48:01
================================================================================

🚀 Starting parallel scraper...

📋 Found 2 active stocks to scrape


📊 Scraping 544172 - Indegene Ltd...

📊 Scraping 532215 - AXIS Bank Ltd...
  Found 33 announcements
  Found 50 announcements
  💾 Saved 0 new announcements
  💾 Saved 0 new announcements

✅ Scraping completed in 11.00 seconds!
⚡ Average: 5.50s per stock

================================================================================
⏰ Scheduled run at 2025-10-12 12:49:12
================================================================================

🚀 Starting parallel scraper...

📋 Found 2 active stocks to scrape


📊 Scraping 544172 - Indegene Ltd...

📊 Scraping 532215 - AXIS Bank Ltd...
  Found 33 announcements
  Found 50 announcements
  💾 Saved 0 new announcements
  💾 Saved 0 new announcements

✅ Scraping completed in 11.48 seconds!
⚡ Average: 5.74s per stock

================================================================================
⏰ Scheduled run at 2025-10-12 12:50:24
================================================================================

🚀 Starting parallel scraper...

📋 Found 2 active stocks to scrape


📊 Scraping 544172 - Indegene Ltd...

📊 Scraping 532215 - AXIS Bank Ltd...